date_id,date_iso,year,month,quarter,day_of_week
20200101,1/1/2020,12/7/1905,1 ,1 ,3 
20200102,2/1/2020,12/7/1905,1 ,1 ,4 
20200103,3/1/2020,12/7/1905,1 ,1 ,5 
20200104,4/1/2020,12/7/1905,1 ,1 ,6 
20200105,5/1/2020,12/7/1905,1 ,1 ,7 
20200106,6/1/2020,12/7/1905,1 ,1 ,1 
20200107,7/1/2020,12/7/1905,1 ,1 ,2 
20200108,8/1/2020,12/7/1905,1 ,1 ,3 
20200109,9/1/2020,12/7/1905,1 ,1 ,4 
20200110,10/1/2020,12/7/1905,1 ,1 ,5 
20200111,11/1/2020,12/7/1905,1 ,1 ,6 
20200112,12/1/2020,12/7/1905,1 ,1 ,7 
20200113,13/1/2020,12/7/1905,1 ,1 ,1 
20200114,14/1/2020,12/7/1905,1 ,1 ,2 
20200115,15/1/2020,12/7/1905,1 ,1 ,3 
20200116,16/1/2020,12/7/1905,1 ,1 ,4 
20200117,17/1/2020,12/7/1905,1 ,1 ,5 
20200118,18/1/2020,12/7/1905,1 ,1 ,6 
20200119,19/1/2020,12/7/1905,1 ,1 ,7 
20200120,20/1/2020,12/7/1905,1 ,1 ,1 
20200121,21/1/2020,12/7/1905,1 ,1 ,2 
20200122,22/1/2020,12/7/1905,1 ,1 ,3 
20200123,23/1/2020,12/7/1905,1 ,1 ,4 
20200124,24/1/2020,12/7/1905,1 ,1 ,5 
20200125,25/1/2020,12/7/1905,1 ,1 ,6 
20200126,26/1/2020,12/7/1905,1 ,1 ,7 
20200127,27/1/2020,12/7/1905,1 ,1 ,1 
20200128,28/1/2020,12/7/1905,1 ,1 ,2 
20200129,29/1/2020,12/7/1905,1 ,1 ,3 
20200130,30/1/2020,12/7/1905,1 ,1 ,4 
20200131,31/1/2020,12/7/1905,1 ,1 ,5 
20200201,1/2/2020,12/7/1905,2 ,1 ,6 
20200202,2/2/2020,12/7/1905,2 ,1 ,7 
20200203,3/2/2020,12/7/1905,2 ,1 ,1 
20200204,4/2/2020,12/7/1905,2 ,1 ,2 
20200205,5/2/2020,12/7/1905,2 ,1 ,3 
20200206,6/2/2020,12/7/1905,2 ,1 ,4 
20200207,7/2/2020,12/7/1905,2 ,1 ,5 
20200208,8/2/2020,12/7/1905,2 ,1 ,6 
20200209,9/2/2020,12/7/1905,2 ,1 ,7 
20200210,10/2/2020,12/7/1905,2 ,1 ,1 
20200211,11/2/2020,12/7/1905,2 ,1 ,2 
20200212,12/2/2020,12/7/1905,2 ,1 ,3 
20200213,13/2/2020,12/7/1905,2 ,1 ,4 
20200214,14/2/2020,12/7/1905,2 ,1 ,5 
20200215,15/2/2020,12/7/1905,2 ,1 ,6 
20200216,16/2/2020,12/7/1905,2 ,1 ,7 
20200217,17/2/2020,12/7/1905,2 ,1 ,1 
20200218,18/2/2020,12/7/1905,2 ,1 ,2 
20200219,19/2/2020,12/7/1905,2 ,1 ,3 
20200220,20/2/2020,12/7/1905,2 ,1 ,4 
20200221,21/2/2020,12/7/1905,2 ,1 ,5 
20200222,22/2/2020,12/7/1905,2 ,1 ,6 
20200223,23/2/2020,12/7/1905,2 ,1 ,7 
20200224,24/2/2020,12/7/1905,2 ,1 ,1 
20200225,25/2/2020,12/7/1905,2 ,1 ,2 
20200226,26/2/2020,12/7/1905,2 ,1 ,3 
20200227,27/2/2020,12/7/1905,2 ,1 ,4 
20200228,28/2/2020,12/7/1905,2 ,1 ,5 
20200229,29/2/2020,12/7/1905,2 ,1 ,6 
20200301,1/3/2020,12/7/1905,3 ,1 ,7 
20200302,2/3/2020,12/7/1905,3 ,1 ,1 
20200303,3/3/2020,12/7/1905,3 ,1 ,2 
20200304,4/3/2020,12/7/1905,3 ,1 ,3 
20200305,5/3/2020,12/7/1905,3 ,1 ,4 
20200306,6/3/2020,12/7/1905,3 ,1 ,5 
20200307,7/3/2020,12/7/1905,3 ,1 ,6 
20200308,8/3/2020,12/7/1905,3 ,1 ,7 
20200309,9/3/2020,12/7/1905,3 ,1 ,1 
20200310,10/3/2020,12/7/1905,3 ,1 ,2 
20200311,11/3/2020,12/7/1905,3 ,1 ,3 
20200312,12/3/2020,12/7/1905,3 ,1 ,4 
20200313,13/3/2020,12/7/1905,3 ,1 ,5 
20200314,14/3/2020,12/7/1905,3 ,1 ,6 
20200315,15/3/2020,12/7/1905,3 ,1 ,7 
20200316,16/3/2020,12/7/1905,3 ,1 ,1 
20200317,17/3/2020,12/7/1905,3 ,1 ,2 
20200318,18/3/2020,12/7/1905,3 ,1 ,3 
20200319,19/3/2020,12/7/1905,3 ,1 ,4 
20200320,20/3/2020,12/7/1905,3 ,1 ,5 
20200321,21/3/2020,12/7/1905,3 ,1 ,6 
20200322,22/3/2020,12/7/1905,3 ,1 ,7 
20200323,23/3/2020,12/7/1905,3 ,1 ,1 
20200324,24/3/2020,12/7/1905,3 ,1 ,2 
20200325,25/3/2020,12/7/1905,3 ,1 ,3 
20200326,26/3/2020,12/7/1905,3 ,1 ,4 
20200327,27/3/2020,12/7/1905,3 ,1 ,5 
20200328,28/3/2020,12/7/1905,3 ,1 ,6 
20200329,29/3/2020,12/7/1905,3 ,1 ,7 
20200330,30/3/2020,12/7/1905,3 ,1 ,1 
20200331,31/3/2020,12/7/1905,3 ,1 ,2 
20200401,1/4/2020,12/7/1905,4 ,2 ,3 
20200402,2/4/2020,12/7/1905,4 ,2 ,4 
20200403,3/4/2020,12/7/1905,4 ,2 ,5 
20200404,4/4/2020,12/7/1905,4 ,2 ,6 
20200405,5/4/2020,12/7/1905,4 ,2 ,7 
20200406,6/4/2020,12/7/1905,4 ,2 ,1 
20200407,7/4/2020,12/7/1905,4 ,2 ,2 
20200408,8/4/2020,12/7/1905,4 ,2 ,3 
20200409,9/4/2020,12/7/1905,4 ,2 ,4 
20200410,10/4/2020,12/7/1905,4 ,2 ,5 
20200411,11/4/2020,12/7/1905,4 ,2 ,6 
20200412,12/4/2020,12/7/1905,4 ,2 ,7 
20200413,13/4/2020,12/7/1905,4 ,2 ,1 
20200414,14/4/2020,12/7/1905,4 ,2 ,2 
20200415,15/4/2020,12/7/1905,4 ,2 ,3 
20200416,16/4/2020,12/7/1905,4 ,2 ,4 
20200417,17/4/2020,12/7/1905,4 ,2 ,5 
20200418,18/4/2020,12/7/1905,4 ,2 ,6 
20200419,19/4/2020,12/7/1905,4 ,2 ,7 
20200420,20/4/2020,12/7/1905,4 ,2 ,1 
20200421,21/4/2020,12/7/1905,4 ,2 ,2 
20200422,22/4/2020,12/7/1905,4 ,2 ,3 
20200423,23/4/2020,12/7/1905,4 ,2 ,4 
20200424,24/4/2020,12/7/1905,4 ,2 ,5 
20200425,25/4/2020,12/7/1905,4 ,2 ,6 
20200426,26/4/2020,12/7/1905,4 ,2 ,7 
20200427,27/4/2020,12/7/1905,4 ,2 ,1 
20200428,28/4/2020,12/7/1905,4 ,2 ,2 
20200429,29/4/2020,12/7/1905,4 ,2 ,3 
20200430,30/4/2020,12/7/1905,4 ,2 ,4 
20200501,1/5/2020,12/7/1905,5 ,2 ,5 
20200502,2/5/2020,12/7/1905,5 ,2 ,6 
20200503,3/5/2020,12/7/1905,5 ,2 ,7 
20200504,4/5/2020,12/7/1905,5 ,2 ,1 
20200505,5/5/2020,12/7/1905,5 ,2 ,2 
20200506,6/5/2020,12/7/1905,5 ,2 ,3 
20200507,7/5/2020,12/7/1905,5 ,2 ,4 
20200508,8/5/2020,12/7/1905,5 ,2 ,5 
20200509,9/5/2020,12/7/1905,5 ,2 ,6 
20200510,10/5/2020,12/7/1905,5 ,2 ,7 
20200511,11/5/2020,12/7/1905,5 ,2 ,1 
20200512,12/5/2020,12/7/1905,5 ,2 ,2 
20200513,13/5/2020,12/7/1905,5 ,2 ,3 
20200514,14/5/2020,12/7/1905,5 ,2 ,4 
20200515,15/5/2020,12/7/1905,5 ,2 ,5 
20200516,16/5/2020,12/7/1905,5 ,2 ,6 
20200517,17/5/2020,12/7/1905,5 ,2 ,7 
20200518,18/5/2020,12/7/1905,5 ,2 ,1 
20200519,19/5/2020,12/7/1905,5 ,2 ,2 
20200520,20/5/2020,12/7/1905,5 ,2 ,3 
20200521,21/5/2020,12/7/1905,5 ,2 ,4 
20200522,22/5/2020,12/7/1905,5 ,2 ,5 
20200523,23/5/2020,12/7/1905,5 ,2 ,6 
20200524,24/5/2020,12/7/1905,5 ,2 ,7 
20200525,25/5/2020,12/7/1905,5 ,2 ,1 
20200526,26/5/2020,12/7/1905,5 ,2 ,2 
20200527,27/5/2020,12/7/1905,5 ,2 ,3 
20200528,28/5/2020,12/7/1905,5 ,2 ,4 
20200529,29/5/2020,12/7/1905,5 ,2 ,5 
20200530,30/5/2020,12/7/1905,5 ,2 ,6 
20200531,31/5/2020,12/7/1905,5 ,2 ,7 
20200601,1/6/2020,12/7/1905,6 ,2 ,1 
20200602,2/6/2020,12/7/1905,6 ,2 ,2 
20200603,3/6/2020,12/7/1905,6 ,2 ,3 
20200604,4/6/2020,12/7/1905,6 ,2 ,4 
20200605,5/6/2020,12/7/1905,6 ,2 ,5 
20200606,6/6/2020,12/7/1905,6 ,2 ,6 
20200607,7/6/2020,12/7/1905,6 ,2 ,7 
20200608,8/6/2020,12/7/1905,6 ,2 ,1 
20200609,9/6/2020,12/7/1905,6 ,2 ,2 
20200610,10/6/2020,12/7/1905,6 ,2 ,3 
20200611,11/6/2020,12/7/1905,6 ,2 ,4 
20200612,12/6/2020,12/7/1905,6 ,2 ,5 
20200613,13/6/2020,12/7/1905,6 ,2 ,6 
20200614,14/6/2020,12/7/1905,6 ,2 ,7 
20200615,15/6/2020,12/7/1905,6 ,2 ,1 
20200616,16/6/2020,12/7/1905,6 ,2 ,2 
20200617,17/6/2020,12/7/1905,6 ,2 ,3 
20200618,18/6/2020,12/7/1905,6 ,2 ,4 
20200619,19/6/2020,12/7/1905,6 ,2 ,5 
20200620,20/6/2020,12/7/1905,6 ,2 ,6 
20200621,21/6/2020,12/7/1905,6 ,2 ,7 
20200622,22/6/2020,12/7/1905,6 ,2 ,1 
20200623,23/6/2020,12/7/1905,6 ,2 ,2 
20200624,24/6/2020,12/7/1905,6 ,2 ,3 
20200625,25/6/2020,12/7/1905,6 ,2 ,4 
20200626,26/6/2020,12/7/1905,6 ,2 ,5 
20200627,27/6/2020,12/7/1905,6 ,2 ,6 
20200628,28/6/2020,12/7/1905,6 ,2 ,7 
20200629,29/6/2020,12/7/1905,6 ,2 ,1 
20200630,30/6/2020,12/7/1905,6 ,2 ,2 
20200701,1/7/2020,12/7/1905,7 ,3 ,3 
20200702,2/7/2020,12/7/1905,7 ,3 ,4 
20200703,3/7/2020,12/7/1905,7 ,3 ,5 
20200704,4/7/2020,12/7/1905,7 ,3 ,6 
20200705,5/7/2020,12/7/1905,7 ,3 ,7 
20200706,6/7/2020,12/7/1905,7 ,3 ,1 
20200707,7/7/2020,12/7/1905,7 ,3 ,2 
20200708,8/7/2020,12/7/1905,7 ,3 ,3 
20200709,9/7/2020,12/7/1905,7 ,3 ,4 
20200710,10/7/2020,12/7/1905,7 ,3 ,5 
20200711,11/7/2020,12/7/1905,7 ,3 ,6 
20200712,12/7/2020,12/7/1905,7 ,3 ,7 
20200713,13/7/2020,12/7/1905,7 ,3 ,1 
20200714,14/7/2020,12/7/1905,7 ,3 ,2 
20200715,15/7/2020,12/7/1905,7 ,3 ,3 
20200716,16/7/2020,12/7/1905,7 ,3 ,4 
20200717,17/7/2020,12/7/1905,7 ,3 ,5 
20200718,18/7/2020,12/7/1905,7 ,3 ,6 
20200719,19/7/2020,12/7/1905,7 ,3 ,7 
20200720,20/7/2020,12/7/1905,7 ,3 ,1 
20200721,21/7/2020,12/7/1905,7 ,3 ,2 
20200722,22/7/2020,12/7/1905,7 ,3 ,3 
20200723,23/7/2020,12/7/1905,7 ,3 ,4 
20200724,24/7/2020,12/7/1905,7 ,3 ,5 
20200725,25/7/2020,12/7/1905,7 ,3 ,6 
20200726,26/7/2020,12/7/1905,7 ,3 ,7 
20200727,27/7/2020,12/7/1905,7 ,3 ,1 
20200728,28/7/2020,12/7/1905,7 ,3 ,2 
20200729,29/7/2020,12/7/1905,7 ,3 ,3 
20200730,30/7/2020,12/7/1905,7 ,3 ,4 
20200731,31/7/2020,12/7/1905,7 ,3 ,5 
20200801,1/8/2020,12/7/1905,8 ,3 ,6 
20200802,2/8/2020,12/7/1905,8 ,3 ,7 
20200803,3/8/2020,12/7/1905,8 ,3 ,1 
20200804,4/8/2020,12/7/1905,8 ,3 ,2 
20200805,5/8/2020,12/7/1905,8 ,3 ,3 
20200806,6/8/2020,12/7/1905,8 ,3 ,4 
20200807,7/8/2020,12/7/1905,8 ,3 ,5 
20200808,8/8/2020,12/7/1905,8 ,3 ,6 
20200809,9/8/2020,12/7/1905,8 ,3 ,7 
20200810,10/8/2020,12/7/1905,8 ,3 ,1 
20200811,11/8/2020,12/7/1905,8 ,3 ,2 
20200812,12/8/2020,12/7/1905,8 ,3 ,3 
20200813,13/8/2020,12/7/1905,8 ,3 ,4 
20200814,14/8/2020,12/7/1905,8 ,3 ,5 
20200815,15/8/2020,12/7/1905,8 ,3 ,6 
20200816,16/8/2020,12/7/1905,8 ,3 ,7 
20200817,17/8/2020,12/7/1905,8 ,3 ,1 
20200818,18/8/2020,12/7/1905,8 ,3 ,2 
20200819,19/8/2020,12/7/1905,8 ,3 ,3 
20200820,20/8/2020,12/7/1905,8 ,3 ,4 
20200821,21/8/2020,12/7/1905,8 ,3 ,5 
20200822,22/8/2020,12/7/1905,8 ,3 ,6 
20200823,23/8/2020,12/7/1905,8 ,3 ,7 
20200824,24/8/2020,12/7/1905,8 ,3 ,1 
20200825,25/8/2020,12/7/1905,8 ,3 ,2 
20200826,26/8/2020,12/7/1905,8 ,3 ,3 
20200827,27/8/2020,12/7/1905,8 ,3 ,4 
20200828,28/8/2020,12/7/1905,8 ,3 ,5 
20200829,29/8/2020,12/7/1905,8 ,3 ,6 
20200830,30/8/2020,12/7/1905,8 ,3 ,7 
20200831,31/8/2020,12/7/1905,8 ,3 ,1 
20200901,1/9/2020,12/7/1905,9 ,3 ,2 
20200902,2/9/2020,12/7/1905,9 ,3 ,3 
20200903,3/9/2020,12/7/1905,9 ,3 ,4 
20200904,4/9/2020,12/7/1905,9 ,3 ,5 
20200905,5/9/2020,12/7/1905,9 ,3 ,6 
20200906,6/9/2020,12/7/1905,9 ,3 ,7 
20200907,7/9/2020,12/7/1905,9 ,3 ,1 
20200908,8/9/2020,12/7/1905,9 ,3 ,2 
20200909,9/9/2020,12/7/1905,9 ,3 ,3 
20200910,10/9/2020,12/7/1905,9 ,3 ,4 
20200911,11/9/2020,12/7/1905,9 ,3 ,5 
20200912,12/9/2020,12/7/1905,9 ,3 ,6 
20200913,13/9/2020,12/7/1905,9 ,3 ,7 
20200914,14/9/2020,12/7/1905,9 ,3 ,1 
20200915,15/9/2020,12/7/1905,9 ,3 ,2 
20200916,16/9/2020,12/7/1905,9 ,3 ,3 
20200917,17/9/2020,12/7/1905,9 ,3 ,4 
20200918,18/9/2020,12/7/1905,9 ,3 ,5 
20200919,19/9/2020,12/7/1905,9 ,3 ,6 
20200920,20/9/2020,12/7/1905,9 ,3 ,7 
20200921,21/9/2020,12/7/1905,9 ,3 ,1 
20200922,22/9/2020,12/7/1905,9 ,3 ,2 
20200923,23/9/2020,12/7/1905,9 ,3 ,3 
20200924,24/9/2020,12/7/1905,9 ,3 ,4 
20200925,25/9/2020,12/7/1905,9 ,3 ,5 
20200926,26/9/2020,12/7/1905,9 ,3 ,6 
20200927,27/9/2020,12/7/1905,9 ,3 ,7 
20200928,28/9/2020,12/7/1905,9 ,3 ,1 
20200929,29/9/2020,12/7/1905,9 ,3 ,2 
20200930,30/9/2020,12/7/1905,9 ,3 ,3 
20201001,1/10/2020,12/7/1905,10 ,4 ,4 
20201002,2/10/2020,12/7/1905,10 ,4 ,5 
20201003,3/10/2020,12/7/1905,10 ,4 ,6 
20201004,4/10/2020,12/7/1905,10 ,4 ,7 
20201005,5/10/2020,12/7/1905,10 ,4 ,1 
20201006,6/10/2020,12/7/1905,10 ,4 ,2 
20201007,7/10/2020,12/7/1905,10 ,4 ,3 
20201008,8/10/2020,12/7/1905,10 ,4 ,4 
20201009,9/10/2020,12/7/1905,10 ,4 ,5 
20201010,10/10/2020,12/7/1905,10 ,4 ,6 
20201011,11/10/2020,12/7/1905,10 ,4 ,7 
20201012,12/10/2020,12/7/1905,10 ,4 ,1 
20201013,13/10/2020,12/7/1905,10 ,4 ,2 
20201014,14/10/2020,12/7/1905,10 ,4 ,3 
20201015,15/10/2020,12/7/1905,10 ,4 ,4 
20201016,16/10/2020,12/7/1905,10 ,4 ,5 
20201017,17/10/2020,12/7/1905,10 ,4 ,6 
20201018,18/10/2020,12/7/1905,10 ,4 ,7 
20201019,19/10/2020,12/7/1905,10 ,4 ,1 
20201020,20/10/2020,12/7/1905,10 ,4 ,2 
20201021,21/10/2020,12/7/1905,10 ,4 ,3 
20201022,22/10/2020,12/7/1905,10 ,4 ,4 
20201023,23/10/2020,12/7/1905,10 ,4 ,5 
20201024,24/10/2020,12/7/1905,10 ,4 ,6 
20201025,25/10/2020,12/7/1905,10 ,4 ,7 
20201026,26/10/2020,12/7/1905,10 ,4 ,1 
20201027,27/10/2020,12/7/1905,10 ,4 ,2 
20201028,28/10/2020,12/7/1905,10 ,4 ,3 
20201029,29/10/2020,12/7/1905,10 ,4 ,4 
20201030,30/10/2020,12/7/1905,10 ,4 ,5 
20201031,31/10/2020,12/7/1905,10 ,4 ,6 
20201101,1/11/2020,12/7/1905,11 ,4 ,7 
20201102,2/11/2020,12/7/1905,11 ,4 ,1 
20201103,3/11/2020,12/7/1905,11 ,4 ,2 
20201104,4/11/2020,12/7/1905,11 ,4 ,3 
20201105,5/11/2020,12/7/1905,11 ,4 ,4 
20201106,6/11/2020,12/7/1905,11 ,4 ,5 
20201107,7/11/2020,12/7/1905,11 ,4 ,6 
20201108,8/11/2020,12/7/1905,11 ,4 ,7 
20201109,9/11/2020,12/7/1905,11 ,4 ,1 
20201110,10/11/2020,12/7/1905,11 ,4 ,2 
20201111,11/11/2020,12/7/1905,11 ,4 ,3 
20201112,12/11/2020,12/7/1905,11 ,4 ,4 
20201113,13/11/2020,12/7/1905,11 ,4 ,5 
20201114,14/11/2020,12/7/1905,11 ,4 ,6 
20201115,15/11/2020,12/7/1905,11 ,4 ,7 
20201116,16/11/2020,12/7/1905,11 ,4 ,1 
20201117,17/11/2020,12/7/1905,11 ,4 ,2 
20201118,18/11/2020,12/7/1905,11 ,4 ,3 
20201119,19/11/2020,12/7/1905,11 ,4 ,4 
20201120,20/11/2020,12/7/1905,11 ,4 ,5 
20201121,21/11/2020,12/7/1905,11 ,4 ,6 
20201122,22/11/2020,12/7/1905,11 ,4 ,7 
20201123,23/11/2020,12/7/1905,11 ,4 ,1 
20201124,24/11/2020,12/7/1905,11 ,4 ,2 
20201125,25/11/2020,12/7/1905,11 ,4 ,3 
20201126,26/11/2020,12/7/1905,11 ,4 ,4 
20201127,27/11/2020,12/7/1905,11 ,4 ,5 
20201128,28/11/2020,12/7/1905,11 ,4 ,6 
20201129,29/11/2020,12/7/1905,11 ,4 ,7 
20201130,30/11/2020,12/7/1905,11 ,4 ,1 
20201201,1/12/2020,12/7/1905,12 ,4 ,2 
20201202,2/12/2020,12/7/1905,12 ,4 ,3 
20201203,3/12/2020,12/7/1905,12 ,4 ,4 
20201204,4/12/2020,12/7/1905,12 ,4 ,5 
20201205,5/12/2020,12/7/1905,12 ,4 ,6 
20201206,6/12/2020,12/7/1905,12 ,4 ,7 
20201207,7/12/2020,12/7/1905,12 ,4 ,1 
20201208,8/12/2020,12/7/1905,12 ,4 ,2 
20201209,9/12/2020,12/7/1905,12 ,4 ,3 
20201210,10/12/2020,12/7/1905,12 ,4 ,4 
20201211,11/12/2020,12/7/1905,12 ,4 ,5 
20201212,12/12/2020,12/7/1905,12 ,4 ,6 
20201213,13/12/2020,12/7/1905,12 ,4 ,7 
20201214,14/12/2020,12/7/1905,12 ,4 ,1 
20201215,15/12/2020,12/7/1905,12 ,4 ,2 
20201216,16/12/2020,12/7/1905,12 ,4 ,3 
20201217,17/12/2020,12/7/1905,12 ,4 ,4 
20201218,18/12/2020,12/7/1905,12 ,4 ,5 
20201219,19/12/2020,12/7/1905,12 ,4 ,6 
20201220,20/12/2020,12/7/1905,12 ,4 ,7 
20201221,21/12/2020,12/7/1905,12 ,4 ,1 
20201222,22/12/2020,12/7/1905,12 ,4 ,2 
20201223,23/12/2020,12/7/1905,12 ,4 ,3 
20201224,24/12/2020,12/7/1905,12 ,4 ,4 
20201225,25/12/2020,12/7/1905,12 ,4 ,5 
20201226,26/12/2020,12/7/1905,12 ,4 ,6 
20201227,27/12/2020,12/7/1905,12 ,4 ,7 
20201228,28/12/2020,12/7/1905,12 ,4 ,1 
20201229,29/12/2020,12/7/1905,12 ,4 ,2 
20201230,30/12/2020,12/7/1905,12 ,4 ,3 
20201231,31/12/2020,12/7/1905,12 ,4 ,4 
20210101,1/1/2021,13/7/1905,1 ,1 ,5 
20210102,2/1/2021,13/7/1905,1 ,1 ,6 
20210103,3/1/2021,13/7/1905,1 ,1 ,7 
20210104,4/1/2021,13/7/1905,1 ,1 ,1 
20210105,5/1/2021,13/7/1905,1 ,1 ,2 
20210106,6/1/2021,13/7/1905,1 ,1 ,3 
20210107,7/1/2021,13/7/1905,1 ,1 ,4 
20210108,8/1/2021,13/7/1905,1 ,1 ,5 
20210109,9/1/2021,13/7/1905,1 ,1 ,6 
20210110,10/1/2021,13/7/1905,1 ,1 ,7 
20210111,11/1/2021,13/7/1905,1 ,1 ,1 
20210112,12/1/2021,13/7/1905,1 ,1 ,2 
20210113,13/1/2021,13/7/1905,1 ,1 ,3 
20210114,14/1/2021,13/7/1905,1 ,1 ,4 
20210115,15/1/2021,13/7/1905,1 ,1 ,5 
20210116,16/1/2021,13/7/1905,1 ,1 ,6 
20210117,17/1/2021,13/7/1905,1 ,1 ,7 
20210118,18/1/2021,13/7/1905,1 ,1 ,1 
20210119,19/1/2021,13/7/1905,1 ,1 ,2 
20210120,20/1/2021,13/7/1905,1 ,1 ,3 
20210121,21/1/2021,13/7/1905,1 ,1 ,4 
20210122,22/1/2021,13/7/1905,1 ,1 ,5 
20210123,23/1/2021,13/7/1905,1 ,1 ,6 
20210124,24/1/2021,13/7/1905,1 ,1 ,7 
20210125,25/1/2021,13/7/1905,1 ,1 ,1 
20210126,26/1/2021,13/7/1905,1 ,1 ,2 
20210127,27/1/2021,13/7/1905,1 ,1 ,3 
20210128,28/1/2021,13/7/1905,1 ,1 ,4 
20210129,29/1/2021,13/7/1905,1 ,1 ,5 
20210130,30/1/2021,13/7/1905,1 ,1 ,6 
20210131,31/1/2021,13/7/1905,1 ,1 ,7 
20210201,1/2/2021,13/7/1905,2 ,1 ,1 
20210202,2/2/2021,13/7/1905,2 ,1 ,2 
20210203,3/2/2021,13/7/1905,2 ,1 ,3 
20210204,4/2/2021,13/7/1905,2 ,1 ,4 
20210205,5/2/2021,13/7/1905,2 ,1 ,5 
20210206,6/2/2021,13/7/1905,2 ,1 ,6 
20210207,7/2/2021,13/7/1905,2 ,1 ,7 
20210208,8/2/2021,13/7/1905,2 ,1 ,1 
20210209,9/2/2021,13/7/1905,2 ,1 ,2 
20210210,10/2/2021,13/7/1905,2 ,1 ,3 
20210211,11/2/2021,13/7/1905,2 ,1 ,4 
20210212,12/2/2021,13/7/1905,2 ,1 ,5 
20210213,13/2/2021,13/7/1905,2 ,1 ,6 
20210214,14/2/2021,13/7/1905,2 ,1 ,7 
20210215,15/2/2021,13/7/1905,2 ,1 ,1 
20210216,16/2/2021,13/7/1905,2 ,1 ,2 
20210217,17/2/2021,13/7/1905,2 ,1 ,3 
20210218,18/2/2021,13/7/1905,2 ,1 ,4 
20210219,19/2/2021,13/7/1905,2 ,1 ,5 
20210220,20/2/2021,13/7/1905,2 ,1 ,6 
20210221,21/2/2021,13/7/1905,2 ,1 ,7 
20210222,22/2/2021,13/7/1905,2 ,1 ,1 
20210223,23/2/2021,13/7/1905,2 ,1 ,2 
20210224,24/2/2021,13/7/1905,2 ,1 ,3 
20210225,25/2/2021,13/7/1905,2 ,1 ,4 
20210226,26/2/2021,13/7/1905,2 ,1 ,5 
20210227,27/2/2021,13/7/1905,2 ,1 ,6 
20210228,28/2/2021,13/7/1905,2 ,1 ,7 
20210301,1/3/2021,13/7/1905,3 ,1 ,1 
20210302,2/3/2021,13/7/1905,3 ,1 ,2 
20210303,3/3/2021,13/7/1905,3 ,1 ,3 
20210304,4/3/2021,13/7/1905,3 ,1 ,4 
20210305,5/3/2021,13/7/1905,3 ,1 ,5 
20210306,6/3/2021,13/7/1905,3 ,1 ,6 
20210307,7/3/2021,13/7/1905,3 ,1 ,7 
20210308,8/3/2021,13/7/1905,3 ,1 ,1 
20210309,9/3/2021,13/7/1905,3 ,1 ,2 
20210310,10/3/2021,13/7/1905,3 ,1 ,3 
20210311,11/3/2021,13/7/1905,3 ,1 ,4 
20210312,12/3/2021,13/7/1905,3 ,1 ,5 
20210313,13/3/2021,13/7/1905,3 ,1 ,6 
20210314,14/3/2021,13/7/1905,3 ,1 ,7 
20210315,15/3/2021,13/7/1905,3 ,1 ,1 
20210316,16/3/2021,13/7/1905,3 ,1 ,2 
20210317,17/3/2021,13/7/1905,3 ,1 ,3 
20210318,18/3/2021,13/7/1905,3 ,1 ,4 
20210319,19/3/2021,13/7/1905,3 ,1 ,5 
20210320,20/3/2021,13/7/1905,3 ,1 ,6 
20210321,21/3/2021,13/7/1905,3 ,1 ,7 
20210322,22/3/2021,13/7/1905,3 ,1 ,1 
20210323,23/3/2021,13/7/1905,3 ,1 ,2 
20210324,24/3/2021,13/7/1905,3 ,1 ,3 
20210325,25/3/2021,13/7/1905,3 ,1 ,4 
20210326,26/3/2021,13/7/1905,3 ,1 ,5 
20210327,27/3/2021,13/7/1905,3 ,1 ,6 
20210328,28/3/2021,13/7/1905,3 ,1 ,7 
20210329,29/3/2021,13/7/1905,3 ,1 ,1 
20210330,30/3/2021,13/7/1905,3 ,1 ,2 
20210331,31/3/2021,13/7/1905,3 ,1 ,3 
20210401,1/4/2021,13/7/1905,4 ,2 ,4 
20210402,2/4/2021,13/7/1905,4 ,2 ,5 
20210403,3/4/2021,13/7/1905,4 ,2 ,6 
20210404,4/4/2021,13/7/1905,4 ,2 ,7 
20210405,5/4/2021,13/7/1905,4 ,2 ,1 
20210406,6/4/2021,13/7/1905,4 ,2 ,2 
20210407,7/4/2021,13/7/1905,4 ,2 ,3 
20210408,8/4/2021,13/7/1905,4 ,2 ,4 
20210409,9/4/2021,13/7/1905,4 ,2 ,5 
20210410,10/4/2021,13/7/1905,4 ,2 ,6 
20210411,11/4/2021,13/7/1905,4 ,2 ,7 
20210412,12/4/2021,13/7/1905,4 ,2 ,1 
20210413,13/4/2021,13/7/1905,4 ,2 ,2 
20210414,14/4/2021,13/7/1905,4 ,2 ,3 
20210415,15/4/2021,13/7/1905,4 ,2 ,4 
20210416,16/4/2021,13/7/1905,4 ,2 ,5 
20210417,17/4/2021,13/7/1905,4 ,2 ,6 
20210418,18/4/2021,13/7/1905,4 ,2 ,7 
20210419,19/4/2021,13/7/1905,4 ,2 ,1 
20210420,20/4/2021,13/7/1905,4 ,2 ,2 
20210421,21/4/2021,13/7/1905,4 ,2 ,3 
20210422,22/4/2021,13/7/1905,4 ,2 ,4 
20210423,23/4/2021,13/7/1905,4 ,2 ,5 
20210424,24/4/2021,13/7/1905,4 ,2 ,6 
20210425,25/4/2021,13/7/1905,4 ,2 ,7 
20210426,26/4/2021,13/7/1905,4 ,2 ,1 
20210427,27/4/2021,13/7/1905,4 ,2 ,2 
20210428,28/4/2021,13/7/1905,4 ,2 ,3 
20210429,29/4/2021,13/7/1905,4 ,2 ,4 
20210430,30/4/2021,13/7/1905,4 ,2 ,5 
20210501,1/5/2021,13/7/1905,5 ,2 ,6 
20210502,2/5/2021,13/7/1905,5 ,2 ,7 
20210503,3/5/2021,13/7/1905,5 ,2 ,1 
20210504,4/5/2021,13/7/1905,5 ,2 ,2 
20210505,5/5/2021,13/7/1905,5 ,2 ,3 
20210506,6/5/2021,13/7/1905,5 ,2 ,4 
20210507,7/5/2021,13/7/1905,5 ,2 ,5 
20210508,8/5/2021,13/7/1905,5 ,2 ,6 
20210509,9/5/2021,13/7/1905,5 ,2 ,7 
20210510,10/5/2021,13/7/1905,5 ,2 ,1 
20210511,11/5/2021,13/7/1905,5 ,2 ,2 
20210512,12/5/2021,13/7/1905,5 ,2 ,3 
20210513,13/5/2021,13/7/1905,5 ,2 ,4 
20210514,14/5/2021,13/7/1905,5 ,2 ,5 
20210515,15/5/2021,13/7/1905,5 ,2 ,6 
20210516,16/5/2021,13/7/1905,5 ,2 ,7 
20210517,17/5/2021,13/7/1905,5 ,2 ,1 
20210518,18/5/2021,13/7/1905,5 ,2 ,2 
20210519,19/5/2021,13/7/1905,5 ,2 ,3 
20210520,20/5/2021,13/7/1905,5 ,2 ,4 
20210521,21/5/2021,13/7/1905,5 ,2 ,5 
20210522,22/5/2021,13/7/1905,5 ,2 ,6 
20210523,23/5/2021,13/7/1905,5 ,2 ,7 
20210524,24/5/2021,13/7/1905,5 ,2 ,1 
20210525,25/5/2021,13/7/1905,5 ,2 ,2 
20210526,26/5/2021,13/7/1905,5 ,2 ,3 
20210527,27/5/2021,13/7/1905,5 ,2 ,4 
20210528,28/5/2021,13/7/1905,5 ,2 ,5 
20210529,29/5/2021,13/7/1905,5 ,2 ,6 
20210530,30/5/2021,13/7/1905,5 ,2 ,7 
20210531,31/5/2021,13/7/1905,5 ,2 ,1 
20210601,1/6/2021,13/7/1905,6 ,2 ,2 
20210602,2/6/2021,13/7/1905,6 ,2 ,3 
20210603,3/6/2021,13/7/1905,6 ,2 ,4 
20210604,4/6/2021,13/7/1905,6 ,2 ,5 
20210605,5/6/2021,13/7/1905,6 ,2 ,6 
20210606,6/6/2021,13/7/1905,6 ,2 ,7 
20210607,7/6/2021,13/7/1905,6 ,2 ,1 
20210608,8/6/2021,13/7/1905,6 ,2 ,2 
20210609,9/6/2021,13/7/1905,6 ,2 ,3 
20210610,10/6/2021,13/7/1905,6 ,2 ,4 
20210611,11/6/2021,13/7/1905,6 ,2 ,5 
20210612,12/6/2021,13/7/1905,6 ,2 ,6 
20210613,13/6/2021,13/7/1905,6 ,2 ,7 
20210614,14/6/2021,13/7/1905,6 ,2 ,1 
20210615,15/6/2021,13/7/1905,6 ,2 ,2 
20210616,16/6/2021,13/7/1905,6 ,2 ,3 
20210617,17/6/2021,13/7/1905,6 ,2 ,4 
20210618,18/6/2021,13/7/1905,6 ,2 ,5 
20210619,19/6/2021,13/7/1905,6 ,2 ,6 
20210620,20/6/2021,13/7/1905,6 ,2 ,7 
20210621,21/6/2021,13/7/1905,6 ,2 ,1 
20210622,22/6/2021,13/7/1905,6 ,2 ,2 
20210623,23/6/2021,13/7/1905,6 ,2 ,3 
20210624,24/6/2021,13/7/1905,6 ,2 ,4 
20210625,25/6/2021,13/7/1905,6 ,2 ,5 
20210626,26/6/2021,13/7/1905,6 ,2 ,6 
20210627,27/6/2021,13/7/1905,6 ,2 ,7 
20210628,28/6/2021,13/7/1905,6 ,2 ,1 
20210629,29/6/2021,13/7/1905,6 ,2 ,2 
20210630,30/6/2021,13/7/1905,6 ,2 ,3 
20210701,1/7/2021,13/7/1905,7 ,3 ,4 
20210702,2/7/2021,13/7/1905,7 ,3 ,5 
20210703,3/7/2021,13/7/1905,7 ,3 ,6 
20210704,4/7/2021,13/7/1905,7 ,3 ,7 
20210705,5/7/2021,13/7/1905,7 ,3 ,1 
20210706,6/7/2021,13/7/1905,7 ,3 ,2 
20210707,7/7/2021,13/7/1905,7 ,3 ,3 
20210708,8/7/2021,13/7/1905,7 ,3 ,4 
20210709,9/7/2021,13/7/1905,7 ,3 ,5 
20210710,10/7/2021,13/7/1905,7 ,3 ,6 
20210711,11/7/2021,13/7/1905,7 ,3 ,7 
20210712,12/7/2021,13/7/1905,7 ,3 ,1 
20210713,13/7/2021,13/7/1905,7 ,3 ,2 
20210714,14/7/2021,13/7/1905,7 ,3 ,3 
20210715,15/7/2021,13/7/1905,7 ,3 ,4 
20210716,16/7/2021,13/7/1905,7 ,3 ,5 
20210717,17/7/2021,13/7/1905,7 ,3 ,6 
20210718,18/7/2021,13/7/1905,7 ,3 ,7 
20210719,19/7/2021,13/7/1905,7 ,3 ,1 
20210720,20/7/2021,13/7/1905,7 ,3 ,2 
20210721,21/7/2021,13/7/1905,7 ,3 ,3 
20210722,22/7/2021,13/7/1905,7 ,3 ,4 
20210723,23/7/2021,13/7/1905,7 ,3 ,5 
20210724,24/7/2021,13/7/1905,7 ,3 ,6 
20210725,25/7/2021,13/7/1905,7 ,3 ,7 
20210726,26/7/2021,13/7/1905,7 ,3 ,1 
20210727,27/7/2021,13/7/1905,7 ,3 ,2 
20210728,28/7/2021,13/7/1905,7 ,3 ,3 
20210729,29/7/2021,13/7/1905,7 ,3 ,4 
20210730,30/7/2021,13/7/1905,7 ,3 ,5 
20210731,31/7/2021,13/7/1905,7 ,3 ,6 
20210801,1/8/2021,13/7/1905,8 ,3 ,7 
20210802,2/8/2021,13/7/1905,8 ,3 ,1 
20210803,3/8/2021,13/7/1905,8 ,3 ,2 
20210804,4/8/2021,13/7/1905,8 ,3 ,3 
20210805,5/8/2021,13/7/1905,8 ,3 ,4 
20210806,6/8/2021,13/7/1905,8 ,3 ,5 
20210807,7/8/2021,13/7/1905,8 ,3 ,6 
20210808,8/8/2021,13/7/1905,8 ,3 ,7 
20210809,9/8/2021,13/7/1905,8 ,3 ,1 
20210810,10/8/2021,13/7/1905,8 ,3 ,2 
20210811,11/8/2021,13/7/1905,8 ,3 ,3 
20210812,12/8/2021,13/7/1905,8 ,3 ,4 
20210813,13/8/2021,13/7/1905,8 ,3 ,5 
20210814,14/8/2021,13/7/1905,8 ,3 ,6 
20210815,15/8/2021,13/7/1905,8 ,3 ,7 
20210816,16/8/2021,13/7/1905,8 ,3 ,1 
20210817,17/8/2021,13/7/1905,8 ,3 ,2 
20210818,18/8/2021,13/7/1905,8 ,3 ,3 
20210819,19/8/2021,13/7/1905,8 ,3 ,4 
20210820,20/8/2021,13/7/1905,8 ,3 ,5 
20210821,21/8/2021,13/7/1905,8 ,3 ,6 
20210822,22/8/2021,13/7/1905,8 ,3 ,7 
20210823,23/8/2021,13/7/1905,8 ,3 ,1 
20210824,24/8/2021,13/7/1905,8 ,3 ,2 
20210825,25/8/2021,13/7/1905,8 ,3 ,3 
20210826,26/8/2021,13/7/1905,8 ,3 ,4 
20210827,27/8/2021,13/7/1905,8 ,3 ,5 
20210828,28/8/2021,13/7/1905,8 ,3 ,6 
20210829,29/8/2021,13/7/1905,8 ,3 ,7 
20210830,30/8/2021,13/7/1905,8 ,3 ,1 
20210831,31/8/2021,13/7/1905,8 ,3 ,2 
20210901,1/9/2021,13/7/1905,9 ,3 ,3 
20210902,2/9/2021,13/7/1905,9 ,3 ,4 
20210903,3/9/2021,13/7/1905,9 ,3 ,5 
20210904,4/9/2021,13/7/1905,9 ,3 ,6 
20210905,5/9/2021,13/7/1905,9 ,3 ,7 
20210906,6/9/2021,13/7/1905,9 ,3 ,1 
20210907,7/9/2021,13/7/1905,9 ,3 ,2 
20210908,8/9/2021,13/7/1905,9 ,3 ,3 
20210909,9/9/2021,13/7/1905,9 ,3 ,4 
20210910,10/9/2021,13/7/1905,9 ,3 ,5 
20210911,11/9/2021,13/7/1905,9 ,3 ,6 
20210912,12/9/2021,13/7/1905,9 ,3 ,7 
20210913,13/9/2021,13/7/1905,9 ,3 ,1 
20210914,14/9/2021,13/7/1905,9 ,3 ,2 
20210915,15/9/2021,13/7/1905,9 ,3 ,3 
20210916,16/9/2021,13/7/1905,9 ,3 ,4 
20210917,17/9/2021,13/7/1905,9 ,3 ,5 
20210918,18/9/2021,13/7/1905,9 ,3 ,6 
20210919,19/9/2021,13/7/1905,9 ,3 ,7 
20210920,20/9/2021,13/7/1905,9 ,3 ,1 
20210921,21/9/2021,13/7/1905,9 ,3 ,2 
20210922,22/9/2021,13/7/1905,9 ,3 ,3 
20210923,23/9/2021,13/7/1905,9 ,3 ,4 
20210924,24/9/2021,13/7/1905,9 ,3 ,5 
20210925,25/9/2021,13/7/1905,9 ,3 ,6 
20210926,26/9/2021,13/7/1905,9 ,3 ,7 
20210927,27/9/2021,13/7/1905,9 ,3 ,1 
20210928,28/9/2021,13/7/1905,9 ,3 ,2 
20210929,29/9/2021,13/7/1905,9 ,3 ,3 
20210930,30/9/2021,13/7/1905,9 ,3 ,4 
20211001,1/10/2021,13/7/1905,10 ,4 ,5 
20211002,2/10/2021,13/7/1905,10 ,4 ,6 
20211003,3/10/2021,13/7/1905,10 ,4 ,7 
20211004,4/10/2021,13/7/1905,10 ,4 ,1 
20211005,5/10/2021,13/7/1905,10 ,4 ,2 
20211006,6/10/2021,13/7/1905,10 ,4 ,3 
20211007,7/10/2021,13/7/1905,10 ,4 ,4 
20211008,8/10/2021,13/7/1905,10 ,4 ,5 
20211009,9/10/2021,13/7/1905,10 ,4 ,6 
20211010,10/10/2021,13/7/1905,10 ,4 ,7 
20211011,11/10/2021,13/7/1905,10 ,4 ,1 
20211012,12/10/2021,13/7/1905,10 ,4 ,2 
20211013,13/10/2021,13/7/1905,10 ,4 ,3 
20211014,14/10/2021,13/7/1905,10 ,4 ,4 
20211015,15/10/2021,13/7/1905,10 ,4 ,5 
20211016,16/10/2021,13/7/1905,10 ,4 ,6 
20211017,17/10/2021,13/7/1905,10 ,4 ,7 
20211018,18/10/2021,13/7/1905,10 ,4 ,1 
20211019,19/10/2021,13/7/1905,10 ,4 ,2 
20211020,20/10/2021,13/7/1905,10 ,4 ,3 
20211021,21/10/2021,13/7/1905,10 ,4 ,4 
20211022,22/10/2021,13/7/1905,10 ,4 ,5 
20211023,23/10/2021,13/7/1905,10 ,4 ,6 
20211024,24/10/2021,13/7/1905,10 ,4 ,7 
20211025,25/10/2021,13/7/1905,10 ,4 ,1 
20211026,26/10/2021,13/7/1905,10 ,4 ,2 
20211027,27/10/2021,13/7/1905,10 ,4 ,3 
20211028,28/10/2021,13/7/1905,10 ,4 ,4 
20211029,29/10/2021,13/7/1905,10 ,4 ,5 
20211030,30/10/2021,13/7/1905,10 ,4 ,6 
20211031,31/10/2021,13/7/1905,10 ,4 ,7 
20211101,1/11/2021,13/7/1905,11 ,4 ,1 
20211102,2/11/2021,13/7/1905,11 ,4 ,2 
20211103,3/11/2021,13/7/1905,11 ,4 ,3 
20211104,4/11/2021,13/7/1905,11 ,4 ,4 
20211105,5/11/2021,13/7/1905,11 ,4 ,5 
20211106,6/11/2021,13/7/1905,11 ,4 ,6 
20211107,7/11/2021,13/7/1905,11 ,4 ,7 
20211108,8/11/2021,13/7/1905,11 ,4 ,1 
20211109,9/11/2021,13/7/1905,11 ,4 ,2 
20211110,10/11/2021,13/7/1905,11 ,4 ,3 
20211111,11/11/2021,13/7/1905,11 ,4 ,4 
20211112,12/11/2021,13/7/1905,11 ,4 ,5 
20211113,13/11/2021,13/7/1905,11 ,4 ,6 
20211114,14/11/2021,13/7/1905,11 ,4 ,7 
20211115,15/11/2021,13/7/1905,11 ,4 ,1 
20211116,16/11/2021,13/7/1905,11 ,4 ,2 
20211117,17/11/2021,13/7/1905,11 ,4 ,3 
20211118,18/11/2021,13/7/1905,11 ,4 ,4 
20211119,19/11/2021,13/7/1905,11 ,4 ,5 
20211120,20/11/2021,13/7/1905,11 ,4 ,6 
20211121,21/11/2021,13/7/1905,11 ,4 ,7 
20211122,22/11/2021,13/7/1905,11 ,4 ,1 
20211123,23/11/2021,13/7/1905,11 ,4 ,2 
20211124,24/11/2021,13/7/1905,11 ,4 ,3 
20211125,25/11/2021,13/7/1905,11 ,4 ,4 
20211126,26/11/2021,13/7/1905,11 ,4 ,5 
20211127,27/11/2021,13/7/1905,11 ,4 ,6 
20211128,28/11/2021,13/7/1905,11 ,4 ,7 
20211129,29/11/2021,13/7/1905,11 ,4 ,1 
20211130,30/11/2021,13/7/1905,11 ,4 ,2 
20211201,1/12/2021,13/7/1905,12 ,4 ,3 
20211202,2/12/2021,13/7/1905,12 ,4 ,4 
20211203,3/12/2021,13/7/1905,12 ,4 ,5 
20211204,4/12/2021,13/7/1905,12 ,4 ,6 
20211205,5/12/2021,13/7/1905,12 ,4 ,7 
20211206,6/12/2021,13/7/1905,12 ,4 ,1 
20211207,7/12/2021,13/7/1905,12 ,4 ,2 
20211208,8/12/2021,13/7/1905,12 ,4 ,3 
20211209,9/12/2021,13/7/1905,12 ,4 ,4 
20211210,10/12/2021,13/7/1905,12 ,4 ,5 
20211211,11/12/2021,13/7/1905,12 ,4 ,6 
20211212,12/12/2021,13/7/1905,12 ,4 ,7 
20211213,13/12/2021,13/7/1905,12 ,4 ,1 
20211214,14/12/2021,13/7/1905,12 ,4 ,2 
20211215,15/12/2021,13/7/1905,12 ,4 ,3 
20211216,16/12/2021,13/7/1905,12 ,4 ,4 
20211217,17/12/2021,13/7/1905,12 ,4 ,5 
20211218,18/12/2021,13/7/1905,12 ,4 ,6 
20211219,19/12/2021,13/7/1905,12 ,4 ,7 
20211220,20/12/2021,13/7/1905,12 ,4 ,1 
20211221,21/12/2021,13/7/1905,12 ,4 ,2 
20211222,22/12/2021,13/7/1905,12 ,4 ,3 
20211223,23/12/2021,13/7/1905,12 ,4 ,4 
20211224,24/12/2021,13/7/1905,12 ,4 ,5 
20211225,25/12/2021,13/7/1905,12 ,4 ,6 
20211226,26/12/2021,13/7/1905,12 ,4 ,7 
20211227,27/12/2021,13/7/1905,12 ,4 ,1 
20211228,28/12/2021,13/7/1905,12 ,4 ,2 
20211229,29/12/2021,13/7/1905,12 ,4 ,3 
20211230,30/12/2021,13/7/1905,12 ,4 ,4 
20211231,31/12/2021,13/7/1905,12 ,4 ,5 
20220101,1/1/2022,14/7/1905,1 ,1 ,6 
20220102,2/1/2022,14/7/1905,1 ,1 ,7 
20220103,3/1/2022,14/7/1905,1 ,1 ,1 
20220104,4/1/2022,14/7/1905,1 ,1 ,2 
20220105,5/1/2022,14/7/1905,1 ,1 ,3 
20220106,6/1/2022,14/7/1905,1 ,1 ,4 
20220107,7/1/2022,14/7/1905,1 ,1 ,5 
20220108,8/1/2022,14/7/1905,1 ,1 ,6 
20220109,9/1/2022,14/7/1905,1 ,1 ,7 
20220110,10/1/2022,14/7/1905,1 ,1 ,1 
20220111,11/1/2022,14/7/1905,1 ,1 ,2 
20220112,12/1/2022,14/7/1905,1 ,1 ,3 
20220113,13/1/2022,14/7/1905,1 ,1 ,4 
20220114,14/1/2022,14/7/1905,1 ,1 ,5 
20220115,15/1/2022,14/7/1905,1 ,1 ,6 
20220116,16/1/2022,14/7/1905,1 ,1 ,7 
20220117,17/1/2022,14/7/1905,1 ,1 ,1 
20220118,18/1/2022,14/7/1905,1 ,1 ,2 
20220119,19/1/2022,14/7/1905,1 ,1 ,3 
20220120,20/1/2022,14/7/1905,1 ,1 ,4 
20220121,21/1/2022,14/7/1905,1 ,1 ,5 
20220122,22/1/2022,14/7/1905,1 ,1 ,6 
20220123,23/1/2022,14/7/1905,1 ,1 ,7 
20220124,24/1/2022,14/7/1905,1 ,1 ,1 
20220125,25/1/2022,14/7/1905,1 ,1 ,2 
20220126,26/1/2022,14/7/1905,1 ,1 ,3 
20220127,27/1/2022,14/7/1905,1 ,1 ,4 
20220128,28/1/2022,14/7/1905,1 ,1 ,5 
20220129,29/1/2022,14/7/1905,1 ,1 ,6 
20220130,30/1/2022,14/7/1905,1 ,1 ,7 
20220131,31/1/2022,14/7/1905,1 ,1 ,1 
20220201,1/2/2022,14/7/1905,2 ,1 ,2 
20220202,2/2/2022,14/7/1905,2 ,1 ,3 
20220203,3/2/2022,14/7/1905,2 ,1 ,4 
20220204,4/2/2022,14/7/1905,2 ,1 ,5 
20220205,5/2/2022,14/7/1905,2 ,1 ,6 
20220206,6/2/2022,14/7/1905,2 ,1 ,7 
20220207,7/2/2022,14/7/1905,2 ,1 ,1 
20220208,8/2/2022,14/7/1905,2 ,1 ,2 
20220209,9/2/2022,14/7/1905,2 ,1 ,3 
20220210,10/2/2022,14/7/1905,2 ,1 ,4 
20220211,11/2/2022,14/7/1905,2 ,1 ,5 
20220212,12/2/2022,14/7/1905,2 ,1 ,6 
20220213,13/2/2022,14/7/1905,2 ,1 ,7 
20220214,14/2/2022,14/7/1905,2 ,1 ,1 
20220215,15/2/2022,14/7/1905,2 ,1 ,2 
20220216,16/2/2022,14/7/1905,2 ,1 ,3 
20220217,17/2/2022,14/7/1905,2 ,1 ,4 
20220218,18/2/2022,14/7/1905,2 ,1 ,5 
20220219,19/2/2022,14/7/1905,2 ,1 ,6 
20220220,20/2/2022,14/7/1905,2 ,1 ,7 
20220221,21/2/2022,14/7/1905,2 ,1 ,1 
20220222,22/2/2022,14/7/1905,2 ,1 ,2 
20220223,23/2/2022,14/7/1905,2 ,1 ,3 
20220224,24/2/2022,14/7/1905,2 ,1 ,4 
20220225,25/2/2022,14/7/1905,2 ,1 ,5 
20220226,26/2/2022,14/7/1905,2 ,1 ,6 
20220227,27/2/2022,14/7/1905,2 ,1 ,7 
20220228,28/2/2022,14/7/1905,2 ,1 ,1 
20220301,1/3/2022,14/7/1905,3 ,1 ,2 
20220302,2/3/2022,14/7/1905,3 ,1 ,3 
20220303,3/3/2022,14/7/1905,3 ,1 ,4 
20220304,4/3/2022,14/7/1905,3 ,1 ,5 
20220305,5/3/2022,14/7/1905,3 ,1 ,6 
20220306,6/3/2022,14/7/1905,3 ,1 ,7 
20220307,7/3/2022,14/7/1905,3 ,1 ,1 
20220308,8/3/2022,14/7/1905,3 ,1 ,2 
20220309,9/3/2022,14/7/1905,3 ,1 ,3 
20220310,10/3/2022,14/7/1905,3 ,1 ,4 
20220311,11/3/2022,14/7/1905,3 ,1 ,5 
20220312,12/3/2022,14/7/1905,3 ,1 ,6 
20220313,13/3/2022,14/7/1905,3 ,1 ,7 
20220314,14/3/2022,14/7/1905,3 ,1 ,1 
20220315,15/3/2022,14/7/1905,3 ,1 ,2 
20220316,16/3/2022,14/7/1905,3 ,1 ,3 
20220317,17/3/2022,14/7/1905,3 ,1 ,4 
20220318,18/3/2022,14/7/1905,3 ,1 ,5 
20220319,19/3/2022,14/7/1905,3 ,1 ,6 
20220320,20/3/2022,14/7/1905,3 ,1 ,7 
20220321,21/3/2022,14/7/1905,3 ,1 ,1 
20220322,22/3/2022,14/7/1905,3 ,1 ,2 
20220323,23/3/2022,14/7/1905,3 ,1 ,3 
20220324,24/3/2022,14/7/1905,3 ,1 ,4 
20220325,25/3/2022,14/7/1905,3 ,1 ,5 
20220326,26/3/2022,14/7/1905,3 ,1 ,6 
20220327,27/3/2022,14/7/1905,3 ,1 ,7 
20220328,28/3/2022,14/7/1905,3 ,1 ,1 
20220329,29/3/2022,14/7/1905,3 ,1 ,2 
20220330,30/3/2022,14/7/1905,3 ,1 ,3 
20220331,31/3/2022,14/7/1905,3 ,1 ,4 
20220401,1/4/2022,14/7/1905,4 ,2 ,5 
20220402,2/4/2022,14/7/1905,4 ,2 ,6 
20220403,3/4/2022,14/7/1905,4 ,2 ,7 
20220404,4/4/2022,14/7/1905,4 ,2 ,1 
20220405,5/4/2022,14/7/1905,4 ,2 ,2 
20220406,6/4/2022,14/7/1905,4 ,2 ,3 
20220407,7/4/2022,14/7/1905,4 ,2 ,4 
20220408,8/4/2022,14/7/1905,4 ,2 ,5 
20220409,9/4/2022,14/7/1905,4 ,2 ,6 
20220410,10/4/2022,14/7/1905,4 ,2 ,7 
20220411,11/4/2022,14/7/1905,4 ,2 ,1 
20220412,12/4/2022,14/7/1905,4 ,2 ,2 
20220413,13/4/2022,14/7/1905,4 ,2 ,3 
20220414,14/4/2022,14/7/1905,4 ,2 ,4 
20220415,15/4/2022,14/7/1905,4 ,2 ,5 
20220416,16/4/2022,14/7/1905,4 ,2 ,6 
20220417,17/4/2022,14/7/1905,4 ,2 ,7 
20220418,18/4/2022,14/7/1905,4 ,2 ,1 
20220419,19/4/2022,14/7/1905,4 ,2 ,2 
20220420,20/4/2022,14/7/1905,4 ,2 ,3 
20220421,21/4/2022,14/7/1905,4 ,2 ,4 
20220422,22/4/2022,14/7/1905,4 ,2 ,5 
20220423,23/4/2022,14/7/1905,4 ,2 ,6 
20220424,24/4/2022,14/7/1905,4 ,2 ,7 
20220425,25/4/2022,14/7/1905,4 ,2 ,1 
20220426,26/4/2022,14/7/1905,4 ,2 ,2 
20220427,27/4/2022,14/7/1905,4 ,2 ,3 
20220428,28/4/2022,14/7/1905,4 ,2 ,4 
20220429,29/4/2022,14/7/1905,4 ,2 ,5 
20220430,30/4/2022,14/7/1905,4 ,2 ,6 
20220501,1/5/2022,14/7/1905,5 ,2 ,7 
20220502,2/5/2022,14/7/1905,5 ,2 ,1 
20220503,3/5/2022,14/7/1905,5 ,2 ,2 
20220504,4/5/2022,14/7/1905,5 ,2 ,3 
20220505,5/5/2022,14/7/1905,5 ,2 ,4 
20220506,6/5/2022,14/7/1905,5 ,2 ,5 
20220507,7/5/2022,14/7/1905,5 ,2 ,6 
20220508,8/5/2022,14/7/1905,5 ,2 ,7 
20220509,9/5/2022,14/7/1905,5 ,2 ,1 
20220510,10/5/2022,14/7/1905,5 ,2 ,2 
20220511,11/5/2022,14/7/1905,5 ,2 ,3 
20220512,12/5/2022,14/7/1905,5 ,2 ,4 
20220513,13/5/2022,14/7/1905,5 ,2 ,5 
20220514,14/5/2022,14/7/1905,5 ,2 ,6 
20220515,15/5/2022,14/7/1905,5 ,2 ,7 
20220516,16/5/2022,14/7/1905,5 ,2 ,1 
20220517,17/5/2022,14/7/1905,5 ,2 ,2 
20220518,18/5/2022,14/7/1905,5 ,2 ,3 
20220519,19/5/2022,14/7/1905,5 ,2 ,4 
20220520,20/5/2022,14/7/1905,5 ,2 ,5 
20220521,21/5/2022,14/7/1905,5 ,2 ,6 
20220522,22/5/2022,14/7/1905,5 ,2 ,7 
20220523,23/5/2022,14/7/1905,5 ,2 ,1 
20220524,24/5/2022,14/7/1905,5 ,2 ,2 
20220525,25/5/2022,14/7/1905,5 ,2 ,3 
20220526,26/5/2022,14/7/1905,5 ,2 ,4 
20220527,27/5/2022,14/7/1905,5 ,2 ,5 
20220528,28/5/2022,14/7/1905,5 ,2 ,6 
20220529,29/5/2022,14/7/1905,5 ,2 ,7 
20220530,30/5/2022,14/7/1905,5 ,2 ,1 
20220531,31/5/2022,14/7/1905,5 ,2 ,2 
20220601,1/6/2022,14/7/1905,6 ,2 ,3 
20220602,2/6/2022,14/7/1905,6 ,2 ,4 
20220603,3/6/2022,14/7/1905,6 ,2 ,5 
20220604,4/6/2022,14/7/1905,6 ,2 ,6 
20220605,5/6/2022,14/7/1905,6 ,2 ,7 
20220606,6/6/2022,14/7/1905,6 ,2 ,1 
20220607,7/6/2022,14/7/1905,6 ,2 ,2 
20220608,8/6/2022,14/7/1905,6 ,2 ,3 
20220609,9/6/2022,14/7/1905,6 ,2 ,4 
20220610,10/6/2022,14/7/1905,6 ,2 ,5 
20220611,11/6/2022,14/7/1905,6 ,2 ,6 
20220612,12/6/2022,14/7/1905,6 ,2 ,7 
20220613,13/6/2022,14/7/1905,6 ,2 ,1 
20220614,14/6/2022,14/7/1905,6 ,2 ,2 
20220615,15/6/2022,14/7/1905,6 ,2 ,3 
20220616,16/6/2022,14/7/1905,6 ,2 ,4 
20220617,17/6/2022,14/7/1905,6 ,2 ,5 
20220618,18/6/2022,14/7/1905,6 ,2 ,6 
20220619,19/6/2022,14/7/1905,6 ,2 ,7 
20220620,20/6/2022,14/7/1905,6 ,2 ,1 
20220621,21/6/2022,14/7/1905,6 ,2 ,2 
20220622,22/6/2022,14/7/1905,6 ,2 ,3 
20220623,23/6/2022,14/7/1905,6 ,2 ,4 
20220624,24/6/2022,14/7/1905,6 ,2 ,5 
20220625,25/6/2022,14/7/1905,6 ,2 ,6 
20220626,26/6/2022,14/7/1905,6 ,2 ,7 
20220627,27/6/2022,14/7/1905,6 ,2 ,1 
20220628,28/6/2022,14/7/1905,6 ,2 ,2 
20220629,29/6/2022,14/7/1905,6 ,2 ,3 
20220630,30/6/2022,14/7/1905,6 ,2 ,4 
20220701,1/7/2022,14/7/1905,7 ,3 ,5 
20220702,2/7/2022,14/7/1905,7 ,3 ,6 
20220703,3/7/2022,14/7/1905,7 ,3 ,7 
20220704,4/7/2022,14/7/1905,7 ,3 ,1 
20220705,5/7/2022,14/7/1905,7 ,3 ,2 
20220706,6/7/2022,14/7/1905,7 ,3 ,3 
20220707,7/7/2022,14/7/1905,7 ,3 ,4 
20220708,8/7/2022,14/7/1905,7 ,3 ,5 
20220709,9/7/2022,14/7/1905,7 ,3 ,6 
20220710,10/7/2022,14/7/1905,7 ,3 ,7 
20220711,11/7/2022,14/7/1905,7 ,3 ,1 
20220712,12/7/2022,14/7/1905,7 ,3 ,2 
20220713,13/7/2022,14/7/1905,7 ,3 ,3 
20220714,14/7/2022,14/7/1905,7 ,3 ,4 
20220715,15/7/2022,14/7/1905,7 ,3 ,5 
20220716,16/7/2022,14/7/1905,7 ,3 ,6 
20220717,17/7/2022,14/7/1905,7 ,3 ,7 
20220718,18/7/2022,14/7/1905,7 ,3 ,1 
20220719,19/7/2022,14/7/1905,7 ,3 ,2 
20220720,20/7/2022,14/7/1905,7 ,3 ,3 
20220721,21/7/2022,14/7/1905,7 ,3 ,4 
20220722,22/7/2022,14/7/1905,7 ,3 ,5 
20220723,23/7/2022,14/7/1905,7 ,3 ,6 
20220724,24/7/2022,14/7/1905,7 ,3 ,7 
20220725,25/7/2022,14/7/1905,7 ,3 ,1 
20220726,26/7/2022,14/7/1905,7 ,3 ,2 
20220727,27/7/2022,14/7/1905,7 ,3 ,3 
20220728,28/7/2022,14/7/1905,7 ,3 ,4 
20220729,29/7/2022,14/7/1905,7 ,3 ,5 
20220730,30/7/2022,14/7/1905,7 ,3 ,6 
20220731,31/7/2022,14/7/1905,7 ,3 ,7 
20220801,1/8/2022,14/7/1905,8 ,3 ,1 
20220802,2/8/2022,14/7/1905,8 ,3 ,2 
20220803,3/8/2022,14/7/1905,8 ,3 ,3 
20220804,4/8/2022,14/7/1905,8 ,3 ,4 
20220805,5/8/2022,14/7/1905,8 ,3 ,5 
20220806,6/8/2022,14/7/1905,8 ,3 ,6 
20220807,7/8/2022,14/7/1905,8 ,3 ,7 
20220808,8/8/2022,14/7/1905,8 ,3 ,1 
20220809,9/8/2022,14/7/1905,8 ,3 ,2 
20220810,10/8/2022,14/7/1905,8 ,3 ,3 
20220811,11/8/2022,14/7/1905,8 ,3 ,4 
20220812,12/8/2022,14/7/1905,8 ,3 ,5 
20220813,13/8/2022,14/7/1905,8 ,3 ,6 
20220814,14/8/2022,14/7/1905,8 ,3 ,7 
20220815,15/8/2022,14/7/1905,8 ,3 ,1 
20220816,16/8/2022,14/7/1905,8 ,3 ,2 
20220817,17/8/2022,14/7/1905,8 ,3 ,3 
20220818,18/8/2022,14/7/1905,8 ,3 ,4 
20220819,19/8/2022,14/7/1905,8 ,3 ,5 
20220820,20/8/2022,14/7/1905,8 ,3 ,6 
20220821,21/8/2022,14/7/1905,8 ,3 ,7 
20220822,22/8/2022,14/7/1905,8 ,3 ,1 
20220823,23/8/2022,14/7/1905,8 ,3 ,2 
20220824,24/8/2022,14/7/1905,8 ,3 ,3 
20220825,25/8/2022,14/7/1905,8 ,3 ,4 
20220826,26/8/2022,14/7/1905,8 ,3 ,5 
20220827,27/8/2022,14/7/1905,8 ,3 ,6 
20220828,28/8/2022,14/7/1905,8 ,3 ,7 
20220829,29/8/2022,14/7/1905,8 ,3 ,1 
20220830,30/8/2022,14/7/1905,8 ,3 ,2 
20220831,31/8/2022,14/7/1905,8 ,3 ,3 
20220901,1/9/2022,14/7/1905,9 ,3 ,4 
20220902,2/9/2022,14/7/1905,9 ,3 ,5 
20220903,3/9/2022,14/7/1905,9 ,3 ,6 
20220904,4/9/2022,14/7/1905,9 ,3 ,7 
20220905,5/9/2022,14/7/1905,9 ,3 ,1 
20220906,6/9/2022,14/7/1905,9 ,3 ,2 
20220907,7/9/2022,14/7/1905,9 ,3 ,3 
20220908,8/9/2022,14/7/1905,9 ,3 ,4 
20220909,9/9/2022,14/7/1905,9 ,3 ,5 
20220910,10/9/2022,14/7/1905,9 ,3 ,6 
20220911,11/9/2022,14/7/1905,9 ,3 ,7 
20220912,12/9/2022,14/7/1905,9 ,3 ,1 
20220913,13/9/2022,14/7/1905,9 ,3 ,2 
20220914,14/9/2022,14/7/1905,9 ,3 ,3 
20220915,15/9/2022,14/7/1905,9 ,3 ,4 
20220916,16/9/2022,14/7/1905,9 ,3 ,5 
20220917,17/9/2022,14/7/1905,9 ,3 ,6 
20220918,18/9/2022,14/7/1905,9 ,3 ,7 
20220919,19/9/2022,14/7/1905,9 ,3 ,1 
20220920,20/9/2022,14/7/1905,9 ,3 ,2 
20220921,21/9/2022,14/7/1905,9 ,3 ,3 
20220922,22/9/2022,14/7/1905,9 ,3 ,4 
20220923,23/9/2022,14/7/1905,9 ,3 ,5 
20220924,24/9/2022,14/7/1905,9 ,3 ,6 
20220925,25/9/2022,14/7/1905,9 ,3 ,7 
20220926,26/9/2022,14/7/1905,9 ,3 ,1 
20220927,27/9/2022,14/7/1905,9 ,3 ,2 
20220928,28/9/2022,14/7/1905,9 ,3 ,3 
20220929,29/9/2022,14/7/1905,9 ,3 ,4 
20220930,30/9/2022,14/7/1905,9 ,3 ,5 
20221001,1/10/2022,14/7/1905,10 ,4 ,6 
20221002,2/10/2022,14/7/1905,10 ,4 ,7 
20221003,3/10/2022,14/7/1905,10 ,4 ,1 
20221004,4/10/2022,14/7/1905,10 ,4 ,2 
20221005,5/10/2022,14/7/1905,10 ,4 ,3 
20221006,6/10/2022,14/7/1905,10 ,4 ,4 
20221007,7/10/2022,14/7/1905,10 ,4 ,5 
20221008,8/10/2022,14/7/1905,10 ,4 ,6 
20221009,9/10/2022,14/7/1905,10 ,4 ,7 
20221010,10/10/2022,14/7/1905,10 ,4 ,1 
20221011,11/10/2022,14/7/1905,10 ,4 ,2 
20221012,12/10/2022,14/7/1905,10 ,4 ,3 
20221013,13/10/2022,14/7/1905,10 ,4 ,4 
20221014,14/10/2022,14/7/1905,10 ,4 ,5 
20221015,15/10/2022,14/7/1905,10 ,4 ,6 
20221016,16/10/2022,14/7/1905,10 ,4 ,7 
20221017,17/10/2022,14/7/1905,10 ,4 ,1 
20221018,18/10/2022,14/7/1905,10 ,4 ,2 
20221019,19/10/2022,14/7/1905,10 ,4 ,3 
20221020,20/10/2022,14/7/1905,10 ,4 ,4 
20221021,21/10/2022,14/7/1905,10 ,4 ,5 
20221022,22/10/2022,14/7/1905,10 ,4 ,6 
20221023,23/10/2022,14/7/1905,10 ,4 ,7 
20221024,24/10/2022,14/7/1905,10 ,4 ,1 
20221025,25/10/2022,14/7/1905,10 ,4 ,2 
20221026,26/10/2022,14/7/1905,10 ,4 ,3 
20221027,27/10/2022,14/7/1905,10 ,4 ,4 
20221028,28/10/2022,14/7/1905,10 ,4 ,5 
20221029,29/10/2022,14/7/1905,10 ,4 ,6 
20221030,30/10/2022,14/7/1905,10 ,4 ,7 
20221031,31/10/2022,14/7/1905,10 ,4 ,1 
20221101,1/11/2022,14/7/1905,11 ,4 ,2 
20221102,2/11/2022,14/7/1905,11 ,4 ,3 
20221103,3/11/2022,14/7/1905,11 ,4 ,4 
20221104,4/11/2022,14/7/1905,11 ,4 ,5 
20221105,5/11/2022,14/7/1905,11 ,4 ,6 
20221106,6/11/2022,14/7/1905,11 ,4 ,7 
20221107,7/11/2022,14/7/1905,11 ,4 ,1 
20221108,8/11/2022,14/7/1905,11 ,4 ,2 
20221109,9/11/2022,14/7/1905,11 ,4 ,3 
20221110,10/11/2022,14/7/1905,11 ,4 ,4 
20221111,11/11/2022,14/7/1905,11 ,4 ,5 
20221112,12/11/2022,14/7/1905,11 ,4 ,6 
20221113,13/11/2022,14/7/1905,11 ,4 ,7 
20221114,14/11/2022,14/7/1905,11 ,4 ,1 
20221115,15/11/2022,14/7/1905,11 ,4 ,2 
20221116,16/11/2022,14/7/1905,11 ,4 ,3 
20221117,17/11/2022,14/7/1905,11 ,4 ,4 
20221118,18/11/2022,14/7/1905,11 ,4 ,5 
20221119,19/11/2022,14/7/1905,11 ,4 ,6 
20221120,20/11/2022,14/7/1905,11 ,4 ,7 
20221121,21/11/2022,14/7/1905,11 ,4 ,1 
20221122,22/11/2022,14/7/1905,11 ,4 ,2 
20221123,23/11/2022,14/7/1905,11 ,4 ,3 
20221124,24/11/2022,14/7/1905,11 ,4 ,4 
20221125,25/11/2022,14/7/1905,11 ,4 ,5 
20221126,26/11/2022,14/7/1905,11 ,4 ,6 
20221127,27/11/2022,14/7/1905,11 ,4 ,7 
20221128,28/11/2022,14/7/1905,11 ,4 ,1 
20221129,29/11/2022,14/7/1905,11 ,4 ,2 
20221130,30/11/2022,14/7/1905,11 ,4 ,3 
20221201,1/12/2022,14/7/1905,12 ,4 ,4 
20221202,2/12/2022,14/7/1905,12 ,4 ,5 
20221203,3/12/2022,14/7/1905,12 ,4 ,6 
20221204,4/12/2022,14/7/1905,12 ,4 ,7 
20221205,5/12/2022,14/7/1905,12 ,4 ,1 
20221206,6/12/2022,14/7/1905,12 ,4 ,2 
20221207,7/12/2022,14/7/1905,12 ,4 ,3 
20221208,8/12/2022,14/7/1905,12 ,4 ,4 
20221209,9/12/2022,14/7/1905,12 ,4 ,5 
20221210,10/12/2022,14/7/1905,12 ,4 ,6 
20221211,11/12/2022,14/7/1905,12 ,4 ,7 
20221212,12/12/2022,14/7/1905,12 ,4 ,1 
20221213,13/12/2022,14/7/1905,12 ,4 ,2 
20221214,14/12/2022,14/7/1905,12 ,4 ,3 
20221215,15/12/2022,14/7/1905,12 ,4 ,4 
20221216,16/12/2022,14/7/1905,12 ,4 ,5 
20221217,17/12/2022,14/7/1905,12 ,4 ,6 
20221218,18/12/2022,14/7/1905,12 ,4 ,7 
20221219,19/12/2022,14/7/1905,12 ,4 ,1 
20221220,20/12/2022,14/7/1905,12 ,4 ,2 
20221221,21/12/2022,14/7/1905,12 ,4 ,3 
20221222,22/12/2022,14/7/1905,12 ,4 ,4 
20221223,23/12/2022,14/7/1905,12 ,4 ,5 
20221224,24/12/2022,14/7/1905,12 ,4 ,6 
20221225,25/12/2022,14/7/1905,12 ,4 ,7 
20221226,26/12/2022,14/7/1905,12 ,4 ,1 
20221227,27/12/2022,14/7/1905,12 ,4 ,2 
20221228,28/12/2022,14/7/1905,12 ,4 ,3 
20221229,29/12/2022,14/7/1905,12 ,4 ,4 
20221230,30/12/2022,14/7/1905,12 ,4 ,5 
20221231,31/12/2022,14/7/1905,12 ,4 ,6 
20230101,1/1/2023,15/7/1905,1 ,1 ,7 
20230102,2/1/2023,15/7/1905,1 ,1 ,1 
20230103,3/1/2023,15/7/1905,1 ,1 ,2 
20230104,4/1/2023,15/7/1905,1 ,1 ,3 
20230105,5/1/2023,15/7/1905,1 ,1 ,4 
20230106,6/1/2023,15/7/1905,1 ,1 ,5 
20230107,7/1/2023,15/7/1905,1 ,1 ,6 
20230108,8/1/2023,15/7/1905,1 ,1 ,7 
20230109,9/1/2023,15/7/1905,1 ,1 ,1 
20230110,10/1/2023,15/7/1905,1 ,1 ,2 
20230111,11/1/2023,15/7/1905,1 ,1 ,3 
20230112,12/1/2023,15/7/1905,1 ,1 ,4 
20230113,13/1/2023,15/7/1905,1 ,1 ,5 
20230114,14/1/2023,15/7/1905,1 ,1 ,6 
20230115,15/1/2023,15/7/1905,1 ,1 ,7 
20230116,16/1/2023,15/7/1905,1 ,1 ,1 
20230117,17/1/2023,15/7/1905,1 ,1 ,2 
20230118,18/1/2023,15/7/1905,1 ,1 ,3 
20230119,19/1/2023,15/7/1905,1 ,1 ,4 
20230120,20/1/2023,15/7/1905,1 ,1 ,5 
20230121,21/1/2023,15/7/1905,1 ,1 ,6 
20230122,22/1/2023,15/7/1905,1 ,1 ,7 
20230123,23/1/2023,15/7/1905,1 ,1 ,1 
20230124,24/1/2023,15/7/1905,1 ,1 ,2 
20230125,25/1/2023,15/7/1905,1 ,1 ,3 
20230126,26/1/2023,15/7/1905,1 ,1 ,4 
20230127,27/1/2023,15/7/1905,1 ,1 ,5 
20230128,28/1/2023,15/7/1905,1 ,1 ,6 
20230129,29/1/2023,15/7/1905,1 ,1 ,7 
20230130,30/1/2023,15/7/1905,1 ,1 ,1 
20230131,31/1/2023,15/7/1905,1 ,1 ,2 
20230201,1/2/2023,15/7/1905,2 ,1 ,3 
20230202,2/2/2023,15/7/1905,2 ,1 ,4 
20230203,3/2/2023,15/7/1905,2 ,1 ,5 
20230204,4/2/2023,15/7/1905,2 ,1 ,6 
20230205,5/2/2023,15/7/1905,2 ,1 ,7 
20230206,6/2/2023,15/7/1905,2 ,1 ,1 
20230207,7/2/2023,15/7/1905,2 ,1 ,2 
20230208,8/2/2023,15/7/1905,2 ,1 ,3 
20230209,9/2/2023,15/7/1905,2 ,1 ,4 
20230210,10/2/2023,15/7/1905,2 ,1 ,5 
20230211,11/2/2023,15/7/1905,2 ,1 ,6 
20230212,12/2/2023,15/7/1905,2 ,1 ,7 
20230213,13/2/2023,15/7/1905,2 ,1 ,1 
20230214,14/2/2023,15/7/1905,2 ,1 ,2 
20230215,15/2/2023,15/7/1905,2 ,1 ,3 
20230216,16/2/2023,15/7/1905,2 ,1 ,4 
20230217,17/2/2023,15/7/1905,2 ,1 ,5 
20230218,18/2/2023,15/7/1905,2 ,1 ,6 
20230219,19/2/2023,15/7/1905,2 ,1 ,7 
20230220,20/2/2023,15/7/1905,2 ,1 ,1 
20230221,21/2/2023,15/7/1905,2 ,1 ,2 
20230222,22/2/2023,15/7/1905,2 ,1 ,3 
20230223,23/2/2023,15/7/1905,2 ,1 ,4 
20230224,24/2/2023,15/7/1905,2 ,1 ,5 
20230225,25/2/2023,15/7/1905,2 ,1 ,6 
20230226,26/2/2023,15/7/1905,2 ,1 ,7 
20230227,27/2/2023,15/7/1905,2 ,1 ,1 
20230228,28/2/2023,15/7/1905,2 ,1 ,2 
20230301,1/3/2023,15/7/1905,3 ,1 ,3 
20230302,2/3/2023,15/7/1905,3 ,1 ,4 
20230303,3/3/2023,15/7/1905,3 ,1 ,5 
20230304,4/3/2023,15/7/1905,3 ,1 ,6 
20230305,5/3/2023,15/7/1905,3 ,1 ,7 
20230306,6/3/2023,15/7/1905,3 ,1 ,1 
20230307,7/3/2023,15/7/1905,3 ,1 ,2 
20230308,8/3/2023,15/7/1905,3 ,1 ,3 
20230309,9/3/2023,15/7/1905,3 ,1 ,4 
20230310,10/3/2023,15/7/1905,3 ,1 ,5 
20230311,11/3/2023,15/7/1905,3 ,1 ,6 
20230312,12/3/2023,15/7/1905,3 ,1 ,7 
20230313,13/3/2023,15/7/1905,3 ,1 ,1 
20230314,14/3/2023,15/7/1905,3 ,1 ,2 
20230315,15/3/2023,15/7/1905,3 ,1 ,3 
20230316,16/3/2023,15/7/1905,3 ,1 ,4 
20230317,17/3/2023,15/7/1905,3 ,1 ,5 
20230318,18/3/2023,15/7/1905,3 ,1 ,6 
20230319,19/3/2023,15/7/1905,3 ,1 ,7 
20230320,20/3/2023,15/7/1905,3 ,1 ,1 
20230321,21/3/2023,15/7/1905,3 ,1 ,2 
20230322,22/3/2023,15/7/1905,3 ,1 ,3 
20230323,23/3/2023,15/7/1905,3 ,1 ,4 
20230324,24/3/2023,15/7/1905,3 ,1 ,5 
20230325,25/3/2023,15/7/1905,3 ,1 ,6 
20230326,26/3/2023,15/7/1905,3 ,1 ,7 
20230327,27/3/2023,15/7/1905,3 ,1 ,1 
20230328,28/3/2023,15/7/1905,3 ,1 ,2 
20230329,29/3/2023,15/7/1905,3 ,1 ,3 
20230330,30/3/2023,15/7/1905,3 ,1 ,4 
20230331,31/3/2023,15/7/1905,3 ,1 ,5 
20230401,1/4/2023,15/7/1905,4 ,2 ,6 
20230402,2/4/2023,15/7/1905,4 ,2 ,7 
20230403,3/4/2023,15/7/1905,4 ,2 ,1 
20230404,4/4/2023,15/7/1905,4 ,2 ,2 
20230405,5/4/2023,15/7/1905,4 ,2 ,3 
20230406,6/4/2023,15/7/1905,4 ,2 ,4 
20230407,7/4/2023,15/7/1905,4 ,2 ,5 
20230408,8/4/2023,15/7/1905,4 ,2 ,6 
20230409,9/4/2023,15/7/1905,4 ,2 ,7 
20230410,10/4/2023,15/7/1905,4 ,2 ,1 
20230411,11/4/2023,15/7/1905,4 ,2 ,2 
20230412,12/4/2023,15/7/1905,4 ,2 ,3 
20230413,13/4/2023,15/7/1905,4 ,2 ,4 
20230414,14/4/2023,15/7/1905,4 ,2 ,5 
20230415,15/4/2023,15/7/1905,4 ,2 ,6 
20230416,16/4/2023,15/7/1905,4 ,2 ,7 
20230417,17/4/2023,15/7/1905,4 ,2 ,1 
20230418,18/4/2023,15/7/1905,4 ,2 ,2 
20230419,19/4/2023,15/7/1905,4 ,2 ,3 
20230420,20/4/2023,15/7/1905,4 ,2 ,4 
20230421,21/4/2023,15/7/1905,4 ,2 ,5 
20230422,22/4/2023,15/7/1905,4 ,2 ,6 
20230423,23/4/2023,15/7/1905,4 ,2 ,7 
20230424,24/4/2023,15/7/1905,4 ,2 ,1 
20230425,25/4/2023,15/7/1905,4 ,2 ,2 
20230426,26/4/2023,15/7/1905,4 ,2 ,3 
20230427,27/4/2023,15/7/1905,4 ,2 ,4 
20230428,28/4/2023,15/7/1905,4 ,2 ,5 
20230429,29/4/2023,15/7/1905,4 ,2 ,6 
20230430,30/4/2023,15/7/1905,4 ,2 ,7 
20230501,1/5/2023,15/7/1905,5 ,2 ,1 
20230502,2/5/2023,15/7/1905,5 ,2 ,2 
20230503,3/5/2023,15/7/1905,5 ,2 ,3 
20230504,4/5/2023,15/7/1905,5 ,2 ,4 
20230505,5/5/2023,15/7/1905,5 ,2 ,5 
20230506,6/5/2023,15/7/1905,5 ,2 ,6 
20230507,7/5/2023,15/7/1905,5 ,2 ,7 
20230508,8/5/2023,15/7/1905,5 ,2 ,1 
20230509,9/5/2023,15/7/1905,5 ,2 ,2 
20230510,10/5/2023,15/7/1905,5 ,2 ,3 
20230511,11/5/2023,15/7/1905,5 ,2 ,4 
20230512,12/5/2023,15/7/1905,5 ,2 ,5 
20230513,13/5/2023,15/7/1905,5 ,2 ,6 
20230514,14/5/2023,15/7/1905,5 ,2 ,7 
20230515,15/5/2023,15/7/1905,5 ,2 ,1 
20230516,16/5/2023,15/7/1905,5 ,2 ,2 
20230517,17/5/2023,15/7/1905,5 ,2 ,3 
20230518,18/5/2023,15/7/1905,5 ,2 ,4 
20230519,19/5/2023,15/7/1905,5 ,2 ,5 
20230520,20/5/2023,15/7/1905,5 ,2 ,6 
20230521,21/5/2023,15/7/1905,5 ,2 ,7 
20230522,22/5/2023,15/7/1905,5 ,2 ,1 
20230523,23/5/2023,15/7/1905,5 ,2 ,2 
20230524,24/5/2023,15/7/1905,5 ,2 ,3 
20230525,25/5/2023,15/7/1905,5 ,2 ,4 
20230526,26/5/2023,15/7/1905,5 ,2 ,5 
20230527,27/5/2023,15/7/1905,5 ,2 ,6 
20230528,28/5/2023,15/7/1905,5 ,2 ,7 
20230529,29/5/2023,15/7/1905,5 ,2 ,1 
20230530,30/5/2023,15/7/1905,5 ,2 ,2 
20230531,31/5/2023,15/7/1905,5 ,2 ,3 
20230601,1/6/2023,15/7/1905,6 ,2 ,4 
20230602,2/6/2023,15/7/1905,6 ,2 ,5 
20230603,3/6/2023,15/7/1905,6 ,2 ,6 
20230604,4/6/2023,15/7/1905,6 ,2 ,7 
20230605,5/6/2023,15/7/1905,6 ,2 ,1 
20230606,6/6/2023,15/7/1905,6 ,2 ,2 
20230607,7/6/2023,15/7/1905,6 ,2 ,3 
20230608,8/6/2023,15/7/1905,6 ,2 ,4 
20230609,9/6/2023,15/7/1905,6 ,2 ,5 
20230610,10/6/2023,15/7/1905,6 ,2 ,6 
20230611,11/6/2023,15/7/1905,6 ,2 ,7 
20230612,12/6/2023,15/7/1905,6 ,2 ,1 
20230613,13/6/2023,15/7/1905,6 ,2 ,2 
20230614,14/6/2023,15/7/1905,6 ,2 ,3 
20230615,15/6/2023,15/7/1905,6 ,2 ,4 
20230616,16/6/2023,15/7/1905,6 ,2 ,5 
20230617,17/6/2023,15/7/1905,6 ,2 ,6 
20230618,18/6/2023,15/7/1905,6 ,2 ,7 
20230619,19/6/2023,15/7/1905,6 ,2 ,1 
20230620,20/6/2023,15/7/1905,6 ,2 ,2 
20230621,21/6/2023,15/7/1905,6 ,2 ,3 
20230622,22/6/2023,15/7/1905,6 ,2 ,4 
20230623,23/6/2023,15/7/1905,6 ,2 ,5 
20230624,24/6/2023,15/7/1905,6 ,2 ,6 
20230625,25/6/2023,15/7/1905,6 ,2 ,7 
20230626,26/6/2023,15/7/1905,6 ,2 ,1 
20230627,27/6/2023,15/7/1905,6 ,2 ,2 
20230628,28/6/2023,15/7/1905,6 ,2 ,3 
20230629,29/6/2023,15/7/1905,6 ,2 ,4 
20230630,30/6/2023,15/7/1905,6 ,2 ,5 
20230701,1/7/2023,15/7/1905,7 ,3 ,6 
20230702,2/7/2023,15/7/1905,7 ,3 ,7 
20230703,3/7/2023,15/7/1905,7 ,3 ,1 
20230704,4/7/2023,15/7/1905,7 ,3 ,2 
20230705,5/7/2023,15/7/1905,7 ,3 ,3 
20230706,6/7/2023,15/7/1905,7 ,3 ,4 
20230707,7/7/2023,15/7/1905,7 ,3 ,5 
20230708,8/7/2023,15/7/1905,7 ,3 ,6 
20230709,9/7/2023,15/7/1905,7 ,3 ,7 
20230710,10/7/2023,15/7/1905,7 ,3 ,1 
20230711,11/7/2023,15/7/1905,7 ,3 ,2 
20230712,12/7/2023,15/7/1905,7 ,3 ,3 
20230713,13/7/2023,15/7/1905,7 ,3 ,4 
20230714,14/7/2023,15/7/1905,7 ,3 ,5 
20230715,15/7/2023,15/7/1905,7 ,3 ,6 
20230716,16/7/2023,15/7/1905,7 ,3 ,7 
20230717,17/7/2023,15/7/1905,7 ,3 ,1 
20230718,18/7/2023,15/7/1905,7 ,3 ,2 
20230719,19/7/2023,15/7/1905,7 ,3 ,3 
20230720,20/7/2023,15/7/1905,7 ,3 ,4 
20230721,21/7/2023,15/7/1905,7 ,3 ,5 
20230722,22/7/2023,15/7/1905,7 ,3 ,6 
20230723,23/7/2023,15/7/1905,7 ,3 ,7 
20230724,24/7/2023,15/7/1905,7 ,3 ,1 
20230725,25/7/2023,15/7/1905,7 ,3 ,2 
20230726,26/7/2023,15/7/1905,7 ,3 ,3 
20230727,27/7/2023,15/7/1905,7 ,3 ,4 
20230728,28/7/2023,15/7/1905,7 ,3 ,5 
20230729,29/7/2023,15/7/1905,7 ,3 ,6 
20230730,30/7/2023,15/7/1905,7 ,3 ,7 
20230731,31/7/2023,15/7/1905,7 ,3 ,1 
20230801,1/8/2023,15/7/1905,8 ,3 ,2 
20230802,2/8/2023,15/7/1905,8 ,3 ,3 
20230803,3/8/2023,15/7/1905,8 ,3 ,4 
20230804,4/8/2023,15/7/1905,8 ,3 ,5 
20230805,5/8/2023,15/7/1905,8 ,3 ,6 
20230806,6/8/2023,15/7/1905,8 ,3 ,7 
20230807,7/8/2023,15/7/1905,8 ,3 ,1 
20230808,8/8/2023,15/7/1905,8 ,3 ,2 
20230809,9/8/2023,15/7/1905,8 ,3 ,3 
20230810,10/8/2023,15/7/1905,8 ,3 ,4 
20230811,11/8/2023,15/7/1905,8 ,3 ,5 
20230812,12/8/2023,15/7/1905,8 ,3 ,6 
20230813,13/8/2023,15/7/1905,8 ,3 ,7 
20230814,14/8/2023,15/7/1905,8 ,3 ,1 
20230815,15/8/2023,15/7/1905,8 ,3 ,2 
20230816,16/8/2023,15/7/1905,8 ,3 ,3 
20230817,17/8/2023,15/7/1905,8 ,3 ,4 
20230818,18/8/2023,15/7/1905,8 ,3 ,5 
20230819,19/8/2023,15/7/1905,8 ,3 ,6 
20230820,20/8/2023,15/7/1905,8 ,3 ,7 
20230821,21/8/2023,15/7/1905,8 ,3 ,1 
20230822,22/8/2023,15/7/1905,8 ,3 ,2 
20230823,23/8/2023,15/7/1905,8 ,3 ,3 
20230824,24/8/2023,15/7/1905,8 ,3 ,4 
20230825,25/8/2023,15/7/1905,8 ,3 ,5 
20230826,26/8/2023,15/7/1905,8 ,3 ,6 
20230827,27/8/2023,15/7/1905,8 ,3 ,7 
20230828,28/8/2023,15/7/1905,8 ,3 ,1 
20230829,29/8/2023,15/7/1905,8 ,3 ,2 
20230830,30/8/2023,15/7/1905,8 ,3 ,3 
20230831,31/8/2023,15/7/1905,8 ,3 ,4 
20230901,1/9/2023,15/7/1905,9 ,3 ,5 
20230902,2/9/2023,15/7/1905,9 ,3 ,6 
20230903,3/9/2023,15/7/1905,9 ,3 ,7 
20230904,4/9/2023,15/7/1905,9 ,3 ,1 
20230905,5/9/2023,15/7/1905,9 ,3 ,2 
20230906,6/9/2023,15/7/1905,9 ,3 ,3 
20230907,7/9/2023,15/7/1905,9 ,3 ,4 
20230908,8/9/2023,15/7/1905,9 ,3 ,5 
20230909,9/9/2023,15/7/1905,9 ,3 ,6 
20230910,10/9/2023,15/7/1905,9 ,3 ,7 
20230911,11/9/2023,15/7/1905,9 ,3 ,1 
20230912,12/9/2023,15/7/1905,9 ,3 ,2 
20230913,13/9/2023,15/7/1905,9 ,3 ,3 
20230914,14/9/2023,15/7/1905,9 ,3 ,4 
20230915,15/9/2023,15/7/1905,9 ,3 ,5 
20230916,16/9/2023,15/7/1905,9 ,3 ,6 
20230917,17/9/2023,15/7/1905,9 ,3 ,7 
20230918,18/9/2023,15/7/1905,9 ,3 ,1 
20230919,19/9/2023,15/7/1905,9 ,3 ,2 
20230920,20/9/2023,15/7/1905,9 ,3 ,3 
20230921,21/9/2023,15/7/1905,9 ,3 ,4 
20230922,22/9/2023,15/7/1905,9 ,3 ,5 
20230923,23/9/2023,15/7/1905,9 ,3 ,6 
20230924,24/9/2023,15/7/1905,9 ,3 ,7 
20230925,25/9/2023,15/7/1905,9 ,3 ,1 
20230926,26/9/2023,15/7/1905,9 ,3 ,2 
20230927,27/9/2023,15/7/1905,9 ,3 ,3 
20230928,28/9/2023,15/7/1905,9 ,3 ,4 
20230929,29/9/2023,15/7/1905,9 ,3 ,5 
20230930,30/9/2023,15/7/1905,9 ,3 ,6 
20231001,1/10/2023,15/7/1905,10 ,4 ,7 
20231002,2/10/2023,15/7/1905,10 ,4 ,1 
20231003,3/10/2023,15/7/1905,10 ,4 ,2 
20231004,4/10/2023,15/7/1905,10 ,4 ,3 
20231005,5/10/2023,15/7/1905,10 ,4 ,4 
20231006,6/10/2023,15/7/1905,10 ,4 ,5 
20231007,7/10/2023,15/7/1905,10 ,4 ,6 
20231008,8/10/2023,15/7/1905,10 ,4 ,7 
20231009,9/10/2023,15/7/1905,10 ,4 ,1 
20231010,10/10/2023,15/7/1905,10 ,4 ,2 
20231011,11/10/2023,15/7/1905,10 ,4 ,3 
20231012,12/10/2023,15/7/1905,10 ,4 ,4 
20231013,13/10/2023,15/7/1905,10 ,4 ,5 
20231014,14/10/2023,15/7/1905,10 ,4 ,6 
20231015,15/10/2023,15/7/1905,10 ,4 ,7 
20231016,16/10/2023,15/7/1905,10 ,4 ,1 
20231017,17/10/2023,15/7/1905,10 ,4 ,2 
20231018,18/10/2023,15/7/1905,10 ,4 ,3 
20231019,19/10/2023,15/7/1905,10 ,4 ,4 
20231020,20/10/2023,15/7/1905,10 ,4 ,5 
20231021,21/10/2023,15/7/1905,10 ,4 ,6 
20231022,22/10/2023,15/7/1905,10 ,4 ,7 
20231023,23/10/2023,15/7/1905,10 ,4 ,1 
20231024,24/10/2023,15/7/1905,10 ,4 ,2 
20231025,25/10/2023,15/7/1905,10 ,4 ,3 
20231026,26/10/2023,15/7/1905,10 ,4 ,4 
20231027,27/10/2023,15/7/1905,10 ,4 ,5 
20231028,28/10/2023,15/7/1905,10 ,4 ,6 
20231029,29/10/2023,15/7/1905,10 ,4 ,7 
20231030,30/10/2023,15/7/1905,10 ,4 ,1 
20231031,31/10/2023,15/7/1905,10 ,4 ,2 
20231101,1/11/2023,15/7/1905,11 ,4 ,3 
20231102,2/11/2023,15/7/1905,11 ,4 ,4 
20231103,3/11/2023,15/7/1905,11 ,4 ,5 
20231104,4/11/2023,15/7/1905,11 ,4 ,6 
20231105,5/11/2023,15/7/1905,11 ,4 ,7 
20231106,6/11/2023,15/7/1905,11 ,4 ,1 
20231107,7/11/2023,15/7/1905,11 ,4 ,2 
20231108,8/11/2023,15/7/1905,11 ,4 ,3 
20231109,9/11/2023,15/7/1905,11 ,4 ,4 
20231110,10/11/2023,15/7/1905,11 ,4 ,5 
20231111,11/11/2023,15/7/1905,11 ,4 ,6 
20231112,12/11/2023,15/7/1905,11 ,4 ,7 
20231113,13/11/2023,15/7/1905,11 ,4 ,1 
20231114,14/11/2023,15/7/1905,11 ,4 ,2 
20231115,15/11/2023,15/7/1905,11 ,4 ,3 
20231116,16/11/2023,15/7/1905,11 ,4 ,4 
20231117,17/11/2023,15/7/1905,11 ,4 ,5 
20231118,18/11/2023,15/7/1905,11 ,4 ,6 
20231119,19/11/2023,15/7/1905,11 ,4 ,7 
20231120,20/11/2023,15/7/1905,11 ,4 ,1 
20231121,21/11/2023,15/7/1905,11 ,4 ,2 
20231122,22/11/2023,15/7/1905,11 ,4 ,3 
20231123,23/11/2023,15/7/1905,11 ,4 ,4 
20231124,24/11/2023,15/7/1905,11 ,4 ,5 
20231125,25/11/2023,15/7/1905,11 ,4 ,6 
20231126,26/11/2023,15/7/1905,11 ,4 ,7 
20231127,27/11/2023,15/7/1905,11 ,4 ,1 
20231128,28/11/2023,15/7/1905,11 ,4 ,2 
20231129,29/11/2023,15/7/1905,11 ,4 ,3 
20231130,30/11/2023,15/7/1905,11 ,4 ,4 
20231201,1/12/2023,15/7/1905,12 ,4 ,5 
20231202,2/12/2023,15/7/1905,12 ,4 ,6 
20231203,3/12/2023,15/7/1905,12 ,4 ,7 
20231204,4/12/2023,15/7/1905,12 ,4 ,1 
20231205,5/12/2023,15/7/1905,12 ,4 ,2 
20231206,6/12/2023,15/7/1905,12 ,4 ,3 
20231207,7/12/2023,15/7/1905,12 ,4 ,4 
20231208,8/12/2023,15/7/1905,12 ,4 ,5 
20231209,9/12/2023,15/7/1905,12 ,4 ,6 
20231210,10/12/2023,15/7/1905,12 ,4 ,7 
20231211,11/12/2023,15/7/1905,12 ,4 ,1 
20231212,12/12/2023,15/7/1905,12 ,4 ,2 
20231213,13/12/2023,15/7/1905,12 ,4 ,3 
20231214,14/12/2023,15/7/1905,12 ,4 ,4 
20231215,15/12/2023,15/7/1905,12 ,4 ,5 
20231216,16/12/2023,15/7/1905,12 ,4 ,6 
20231217,17/12/2023,15/7/1905,12 ,4 ,7 
20231218,18/12/2023,15/7/1905,12 ,4 ,1 
20231219,19/12/2023,15/7/1905,12 ,4 ,2 
20231220,20/12/2023,15/7/1905,12 ,4 ,3 
20231221,21/12/2023,15/7/1905,12 ,4 ,4 
20231222,22/12/2023,15/7/1905,12 ,4 ,5 
20231223,23/12/2023,15/7/1905,12 ,4 ,6 
20231224,24/12/2023,15/7/1905,12 ,4 ,7 
20231225,25/12/2023,15/7/1905,12 ,4 ,1 
20231226,26/12/2023,15/7/1905,12 ,4 ,2 
20231227,27/12/2023,15/7/1905,12 ,4 ,3 
20231228,28/12/2023,15/7/1905,12 ,4 ,4 
20231229,29/12/2023,15/7/1905,12 ,4 ,5 
20231230,30/12/2023,15/7/1905,12 ,4 ,6 
20231231,31/12/2023,15/7/1905,12 ,4 ,7 
